id,parent menu,graph category,graph type,maingraphs,classification,sub classification,levels,scenario display,graph title,menu title,mini title,vensim graph,kind,modes,units,alternate,description,extensive description,unused 2,unused 3,x axis min,x axis max,x axis label,unused 4,unused 5,y axis min,y axis max,y axis soft max,y axis label,y axis format,unused 6,unused 7,plot 1 variable,plot 1 source,plot 1 style,plot 1 label,plot 1 color,plot 1 unused 1,plot 1 unused 2,plot 2 variable,plot 2 source,plot 2 style,plot 2 label,plot 2 color,plot 2 unused 1,plot 2 unused 2,plot 3 variable,plot 3 source,plot 3 style,plot 3 label,plot 3 color,plot 3 unused 1,plot 3 unused 2,plot 4 variable,plot 4 source,plot 4 style,plot 4 label,plot 4 color,plot 4 unused 1,plot 4 unused 2,plot 5 variable,plot 5 source,plot 5 style,plot 5 label,plot 5 color,plot 5 unused 1,plot 5 unused 2,plot 6 variable,plot 6 source,plot 6 style,plot 6 label,plot 6 color,plot 6 unused 1,plot 6 unused 2,plot 7 variable,plot 7 source,plot 7 style,plot 7 label,plot 7 color,plot 7 unused 1,plot 7 unused 2,plot 8 variable,plot 8 source,plot 8 style,plot 8 label,plot 8 color,plot 8 unused 1,plot 8 unused 2,plot 9 variable,plot 9 source,plot 9 style,plot 9 label,plot 9 color,plot 9 unused 1,plot 9 unused 2,plot 10 variable,plot 10 source,plot 10 style,plot 10 label,plot 10 color,plot 10 unused 1,plot 10 unused 2,plot 11 variable,plot 11 source,plot 11 style,plot 11 label,plot 11 color,plot 11 unused 1,plot 11 unused 2,plot 12 variable,plot 12 source,plot 12 style,plot 12 label,plot 12 color,plot 12 unused 1,plot 12 unused 2,plot 13 variable,plot 13 source,plot 13 style,plot 13 label,plot 13 color,plot 13 unused 1,plot 13 unused 2,plot 14 variable,plot 14 source,plot 14 style,plot 14 label,plot 14 color,plot 14 unused 1,plot 14 unused 2,plot 15 variable,plot 15 source,plot 15 style,plot 15 label,plot 15 color,plot 15 unused 1,plot 15 unused 2
,,,,,,,,,,,,,,,,,,,,,,,,,,,,,,,,,,,,,,,,,,,,,,,,,,,,,,,,,,,,,,,,,,,,,,,,,,,,,,,,,,,,,,,,,,,,,,,,,,,,,,,,,,,,,,,,,,,,,,,,,,,,,,,,,,,,,,,,,
s1,Summary,Summary,6,single,Environmental,1.00E-09,Scenario1,linked;Land Use;#996633,Land // Cropland Needed,,,,line,linked;Land Use;#996633,,,,,,,1950,2100,Time (Year),,,,,,Billion ha,,,,Cropland Needed ,,line,New Scenario,cust,,,Cropland Needed ,Ref,line,Ref,bau,,,,,,,,,,,,,,,,,,,,,,,,,,,,,,,,,,,,,,,,,,,,,,,,,,,,,,,,,,,,,,,,,,,,,,,,,,,,,,,,,,,,,,,,,,,,,
s2,Summary,Summary,6,single,Environmental,1.00E-09,Scenario1,linked;Climate;#ED7014,Climate // GHG Emissions from AFOLU,,,,line,linked;Climate;#ED7014,,,,,,,1950,2100,Time (Year),,,,,,Gigaton CO2eq / Year,,,,Total GHG Emissions from AFOLU,,line,New Scenario,cust,,,Total GHG Emissions from AFOLU,Ref,line,Ref,bau,,,,,,,,,,,,,,,,,,,,,,,,,,,,,,,,,,,,,,,,,,,,,,,,,,,,,,,,,,,,,,,,,,,,,,,,,,,,,,,,,,,,,,,,,,,,,
s5,Summary,Summary,6,single,Environmental,1.00E-06,Scenario1,linked;Fertilizer;#FFD700,Fertilizer // Nitrogen Application Rates,,,,line,linked;Fertilizer;#FFD700,,,,,,,1950,2100,Time (Year),,,,,,Million Ton /  Year,,,,Commercial N application for agriculture ,,line,New Scenario,cust,,,Commercial N application for agriculture ,Ref,line,Ref,bau,,,,,,,,,,,,,,,,,,,,,,,,,,,,,,,,,,,,,,,,,,,,,,,,,,,,,,,,,,,,,,,,,,,,,,,,,,,,,,,,,,,,,,,,,,,,,
s3,Summary,Summary,6,single,Environmental,,Scenario1,linked;Biodiversity;#228B22,Biodiversity // Biodiversity Intactness,,,,line,linked;Biodiversity;#228B22,,,,,,,1950,2100,Time (Year),,,,,,Mean Species Abundance,,,,Mean Species Abundance,,line,New Scenario,cust,,,Mean Species Abundance,Ref,line,Ref,bau,,,,,,,,,,,,,,,,,,,,,,,,,,,,,,,,,,,,,,,,,,,,,,,,,,,,,,,,,,,,,,,,,,,,,,,,,,,,,,,,,,,,,,,,,,,,,
s4,Summary,Summary,6,single,Environmental,,Scenario1,linked;Water;#00BFFF,Water // Freshwater Withdrawal for Food,,,,line,linked;Water;#00BFFF,,,,,,,1950,2100,Time (Year),,,,,,Billion Cubic Metre / Year,,,,Total Freshwater Withdrawal for Food,,,New Scenario,cust,,,Total Freshwater Withdrawal for Food,Ref,line,Ref,bau,,,,,,,,,,,,,,,,,,,,,,,,,,,,,,,,,,,,,,,,,,,,,,,,,,,,,,,,,,,,,,,,,,,,,,,,,,,,,,,,,,,,,,,,,,,,,
s6,Summary,Summary,6,single,Health,1.00E+02,Scenario1,linked;Nutrition;#FF6347,Nutrition // Undernourishment Rate,,,,line,linked;Nutrition;#FF6347,,,,,,,1950,2100,Time (Year),,,0,70,,%,,,,Prevalence of Undernourishment,,line,New Scenario,cust,,,Prevalence of Undernourishment,Ref,line,Ref,bau,,,,,,,,,,,,,,,,,,,,,,,,,,,,,,,,,,,,,,,,,,,,,,,,,,,,,,,,,,,,,,,,,,,,,,,,,,,,,,,,,,,,,,,,,,,,,
,,,,,,,,,,,,,,,,,,,,,,,,,,,,,,,,,,,,,,,,,,,,,,,,,,,,,,,,,,,,,,,,,,,,,,,,,,,,,,,,,,,,,,,,,,,,,,,,,,,,,,,,,,,,,,,,,,,,,,,,,,,,,,,,,,,,,,,,,
sum0,Summary (S1 / S2),Summary (S1 / S2),6,multi,Environmental,1.00E-09,Scenario1,combined,Land | Cropland Needed,,,,line,linked;Empty;#996633,,,,,,,1950,2100,Time (Year),,,,,,Billion ha,,,,Cropland Needed ,Ref,line,Ref,bau,,,Cropland Needed ,,line,Scenario 1,s1,,,,,,,,,,,,,,,,,,,,,,,,,,,,,,,,,,,,,,,,,,,,,,,,,,,,,,,,,,,,,,,,,,,,,,,,,,,,,,,,,,,,,,,,,,,,,
sum1,Summary (S1 / S2),Summary (S1 / S2),6,multi,Environmental,1.00E-09,Scenario1,combined,Climate | GHG Emissions from AFOLU,,,,line,linked;Empty;#ED7014,,,,,,,1950,2100,Time (Year),,,,,,Gigaton CO2eq / Year,,,,Total GHG Emissions from AFOLU,Ref,line,Ref,bau,,,Total GHG Emissions from AFOLU,,line,Scenario 1,s1,,,,,,,,,,,,,,,,,,,,,,,,,,,,,,,,,,,,,,,,,,,,,,,,,,,,,,,,,,,,,,,,,,,,,,,,,,,,,,,,,,,,,,,,,,,,,
sum2,Summary (S1 / S2),Summary (S1 / S2),6,multi,Environmental,1.00E-06,Scenario1,combined,Fertilizer | Nitrogen Application Rates,,,,line,linked;Empty;#FFD700,,,,,,,1950,2100,Time (Year),,,,,,Million Ton /  Year,,,,Commercial N application for agriculture ,Ref,line,Ref,bau,,,Commercial N application for agriculture ,,line,Scenario 1 ,s1,,,,,,,,,,,,,,,,,,,,,,,,,,,,,,,,,,,,,,,,,,,,,,,,,,,,,,,,,,,,,,,,,,,,,,,,,,,,,,,,,,,,,,,,,,,,,
sum3,Summary (S1 / S2),Summary (S1 / S2),6,multi,Environmental,,Scenario1,combined,Biodiversity | Biodiversity Intactness,,,,line,linked;Empty;#228B22,,,,,,,1950,2100,Time (Year),,,,,,Mean Species Abundance,,,,Mean Species Abundance,Ref,line,Ref,bau,,,Mean Species Abundance,,line,Scenario 1 ,s1,,,,,,,,,,,,,,,,,,,,,,,,,,,,,,,,,,,,,,,,,,,,,,,,,,,,,,,,,,,,,,,,,,,,,,,,,,,,,,,,,,,,,,,,,,,,,
sum4,Summary (S1 / S2),Summary (S1 / S2),6,multi,Environmental,,Scenario1,combined,Water | Freshwater Withdrawal for Food,,,,line,linked;Empty;#00BFFF,,,,,,,1950,2100,Time (Year),,,,,,Billion Cubic Metre / Year,,,,Total Freshwater Withdrawal for Food,Ref,line,Ref,bau,,,Total Freshwater Withdrawal for Food,,line,Scenario 1 ,s1,,,,,,,,,,,,,,,,,,,,,,,,,,,,,,,,,,,,,,,,,,,,,,,,,,,,,,,,,,,,,,,,,,,,,,,,,,,,,,,,,,,,,,,,,,,,,
sum5,Summary (S1 / S2),Summary (S1 / S2),6,multi,Health,1.00E+02,Scenario1,combined,Nutrition | Undernourishment Rate,,,,line,linked;Empty;#FF6347,,,,,,,1950,2100,Time (Year),,,0,70,,%,,,,Prevalence of Undernourishment,Ref,line,Ref,bau,,,Prevalence of Undernourishment,,line,Scenario 1 ,s1,,,,,,,,,,,,,,,,,,,,,,,,,,,,,,,,,,,,,,,,,,,,,,,,,,,,,,,,,,,,,,,,,,,,,,,,,,,,,,,,,,,,,,,,,,,,,
,,,,,,,,,,,,,,,,,,,,,,,,,,,,,,,,,,,,,,,,,,,,,,,,,,,,,,,,,,,,,,,,,,,,,,,,,,,,,,,,,,,,,,,,,,,,,,,,,,,,,,,,,,,,,,,,,,,,,,,,,,,,,,,,,,,,,,,,,
sum0a,Summary (S1 / S2),Summary (S1 / S2),6,multi,Environmental,1.00E-09,Scenario2,,Land | Cropland Needed,,,,line,,,,,,,,1950,2100,Time (Year),,,,,,Billion ha,,,,Cropland Needed ,Ref,line,,bau,,,Cropland Needed ,,line,Scenario 2,s2,,,,,,,,,,,,,,,,,,,,,,,,,,,,,,,,,,,,,,,,,,,,,,,,,,,,,,,,,,,,,,,,,,,,,,,,,,,,,,,,,,,,,,,,,,,,,
sum1a,Summary (S1 / S2),Summary (S1 / S2),6,multi,Environmental,1.00E-09,Scenario2,,Climate | GHG Emissions from AFOLU,,,,line,,,,,,,,1950,2100,Time (Year),,,,,,Gigaton CO2eq / Year,,,,Total GHG Emissions from AFOLU,Ref,line,,bau,,,Total GHG Emissions from AFOLU,,line,Scenario 2,s2,,,,,,,,,,,,,,,,,,,,,,,,,,,,,,,,,,,,,,,,,,,,,,,,,,,,,,,,,,,,,,,,,,,,,,,,,,,,,,,,,,,,,,,,,,,,,
sum2a,Summary (S1 / S2),Summary (S1 / S2),6,multi,Environmental,,Scenario2,,Fertilizer | Nitrogen Application Rates,,,,line,,,,,,,,1950,2100,Time (Year),,,,,,Million Ton /  Year,,,,Commercial N application for agriculture ,Ref,line,,bau,,,Commercial N application for agriculture ,,line,Scenario 2,s2,,,,,,,,,,,,,,,,,,,,,,,,,,,,,,,,,,,,,,,,,,,,,,,,,,,,,,,,,,,,,,,,,,,,,,,,,,,,,,,,,,,,,,,,,,,,,
sum3a,Summary (S1 / S2),Summary (S1 / S2),6,multi,Environmental,,Scenario2,,Biodiversity | Biodiversity Intactness,,,,line,,,,,,,,1950,2100,Time (Year),,,,,,Mean Species Abundance,,,,Mean Species Abundance,Ref,line,,bau,,,Mean Species Abundance,,line,Scenario 2,s2,,,,,,,,,,,,,,,,,,,,,,,,,,,,,,,,,,,,,,,,,,,,,,,,,,,,,,,,,,,,,,,,,,,,,,,,,,,,,,,,,,,,,,,,,,,,,
sum4a,Summary (S1 / S2),Summary (S1 / S2),6,multi,Environmental,,Scenario2,,Water | Freshwater Withdrawal for Food,,,,line,,,,,,,,1950,2100,Time (Year),,,,,,Billion Cubic Metre / Year,,,,Total Freshwater Withdrawal for Food,Ref,line,,bau,,,Total Freshwater Withdrawal for Food,,line,Scenario 2,s2,,,,,,,,,,,,,,,,,,,,,,,,,,,,,,,,,,,,,,,,,,,,,,,,,,,,,,,,,,,,,,,,,,,,,,,,,,,,,,,,,,,,,,,,,,,,,
sum5a,Summary (S1 / S2),Summary (S1 / S2),6,multi,Health,1.00E+02,Scenario2,,Nutrition | Undernourishment Rate,,,,line,,,,,,,,1950,2100,Time (Year),,,0,70,,%,,,,Prevalence of Undernourishment,Ref,line,,bau,,,Prevalence of Undernourishment,,line,Scenario 2,s2,,,,,,,,,,,,,,,,,,,,,,,,,,,,,,,,,,,,,,,,,,,,,,,,,,,,,,,,,,,,,,,,,,,,,,,,,,,,,,,,,,,,,,,,,,,,,
,,,,,,,,,,,,,,,,,,,,,,,,,,,,,,,,,,,,,,,,,,,,,,,,,,,,,,,,,,,,,,,,,,,,,,,,,,,,,,,,,,,,,,,,,,,,,,,,,,,,,,,,,,,,,,,,,,,,,,,,,,,,,,,,,,,,,,,,,
tradee1,Trade-Offs,Trade-Offs,1,single,All,"-1,-1,-1,1,-1,-1",Scenario1,,Environmental Impact Comparison in 2050,,,,radar,,,,"A positive value implies an improvement, while a negative value implies a deterioration.",,,,2050,2050,,,,-50,50,,% Change,,,,Cropland Needed,Ref,radar,Cropland Needed,Land Use,Test,Climate,Total GHG Emissions from AFOLU,Ref,radar,GHG Emissions from AFOLU,Climate,,,Commercial N application for agriculture,Ref,radar,Nitrogen Application Rates,Fertilizer,,,Mean Species Abundance,Ref,radar,Biodiversity Intactness,Biodiversity,,,Total Freshwater Withdrawal for Food,Ref,radar,Freshwater Withdrawal for Food,Water,,,,,,,,,,,,,,,,,,,,,,,,,,,,,,,,,,,,,,,,,,,,,,,,,,,,,,,,,,,,,,,,,,,,,,,,
tradee2,Trade-Offs,Trade-Offs,1,single,All,"-1,-1,-1,1,-1,-1",Scenario1,,Environmental Impact Comparison in 2100,,,,radar,,,,"A positive value implies an improvement, while a negative value implies a deterioration.",,,,2100,2100,,,,-50,50,,% Change,,,,Cropland Needed,Ref,radar,Cropland Needed,Land Use,,,Total GHG Emissions from AFOLU,Ref,radar,GHG Emissions from AFOLU,Climate,,,Commercial N application for agriculture,Ref,radar,Nitrogen Application Rates,Fertilizer,,,Mean Species Abundance,Ref,radar,Biodiversity Intactness,Biodiversity,,,Total Freshwater Withdrawal for Food,Ref,radar,Freshwater Withdrawal for Food,Water,,,,,,,,,,,,,,,,,,,,,,,,,,,,,,,,,,,,,,,,,,,,,,,,,,,,,,,,,,,,,,,,,,,,,,,,
tradea1,Trade-Offs,Trade-Offs,1,single,All,"-1,-1,-1,1,-1,-1",Scenario1,,All Impact Comparison in 2050,,,,radar,,,,"A positive value implies an improvement, while a negative value implies a deterioration.",,,,2050,2050,,,,-50,50,,% Change,,,,Cropland Needed,Ref,radar,Cropland Needed,Land Use,Test,Climate,Total GHG Emissions from AFOLU,Ref,radar,GHG Emissions from AFOLU,Climate,,,Commercial N application for agriculture,Ref,radar,Nitrogen Application Rates,Fertilizer,,,Mean Species Abundance,Ref,radar,Biodiversity Intactness,Biodiversity,,,Total Freshwater Withdrawal for Food,Ref,radar,Freshwater Withdrawal for Food,Water,,,Prevalence of Undernourishment,Ref,radar,Undernourishment Rate,Nutrition,,,,,,,,,,,,,,,,,,,,,,,,,,,,,,,,,,,,,,,,,,,,,,,,,,,,,,,,,,,,,,,,,
tradea2,Trade-Offs,Trade-Offs,1,single,All,"-1,-1,-1,1,-1,-1",Scenario1,,All Impact Comparison in 2100,,,,radar,,,,"A positive value implies an improvement, while a negative value implies a deterioration.",,,,2100,2100,,,,-50,50,,% Change,,,,Cropland Needed,Ref,radar,Cropland Needed,Land Use,,,Total GHG Emissions from AFOLU,Ref,radar,GHG Emissions from AFOLU,Climate,,,Commercial N application for agriculture,Ref,radar,Nitrogen Application Rates,Fertilizer,,,Mean Species Abundance,Ref,radar,Biodiversity Intactness,Biodiversity,,,Total Freshwater Withdrawal for Food,Ref,radar,Freshwater Withdrawal for Food,Water,,,Prevalence of Undernourishment,Ref,radar,Undernourishment Rate,Nutrition,,,,,,,,,,,,,,,,,,,,,,,,,,,,,,,,,,,,,,,,,,,,,,,,,,,,,,,,,,,,,,,,,
,,,,,,,,,,,,,,,,,,,,,,,,,,,,,,,,,,,,,,,,,,,,,,,,,,,,,,,,,,,,,,,,,,,,,,,,,,,,,,,,,,,,,,,,,,,,,,,,,,,,,,,,,,,,,,,,,,,,,,,,,,,,,,,,,,,,,,,,,
tradee5,Trade-Offs (S1 / S2),Trade-Offs (S1 / S2),1,multi,All,"-1,-1,-1,1,-1,-1",Scenario1,combined,Environmental Impact Comparison in 2050,,,,radar,,,,,,,,2050,2050,,,,-50,50,,% Change,,,,Cropland Needed,Ref,radar,Cropland Needed,Land Use,,,Total GHG Emissions from AFOLU,Ref,radar,GHG Emissions from AFOLU,Climate,,,Commercial N application for agriculture,Ref,radar,Nitrogen Application Rates,Fertilizer,,,Mean Species Abundance,Ref,radar,Biodiversity Intactness,Biodiversity,,,Total Freshwater Withdrawal for Food,Ref,radar,Freshwater Withdrawal for Food,Water,,,,,,,,,,,,,,,,,,,,,,,,,,,,,,,,,,,,,,,,,,,,,,,,,,,,,,,,,,,,,,,,,,,,,,,,
tradee6,Trade-Offs (S1 / S2),Trade-Offs (S1 / S2),1,multi,All,"-1,-1,-1,1,-1,-1",Scenario2,combined,Environmental Impact Comparison in 2050,,,,radar,,,,,,,,2050,2050,,,,-50,50,,% Change,,,,Cropland Needed,Ref,radar,Cropland Needed,Land Use,,,Total GHG Emissions from AFOLU,Ref,radar,GHG Emissions from AFOLU,Climate,,,Commercial N application for agriculture,Ref,radar,Nitrogen Application Rates,Fertilizer,,,Mean Species Abundance,Ref,radar,Biodiversity Intactness,Biodiversity,,,Total Freshwater Withdrawal for Food,Ref,radar,Freshwater Withdrawal for Food,Water,,,,,,,,,,,,,,,,,,,,,,,,,,,,,,,,,,,,,,,,,,,,,,,,,,,,,,,,,,,,,,,,,,,,,,,,
tradee3,Trade-Offs (S1 / S2),Trade-Offs (S1 / S2),1,multi,All,"-1,-1,-1,1,-1,-1",Scenario1,combined,Impact Comparison in 2050,,,,radar,,,,,,,,2050,2050,,,,-50,50,,% Change,,,,Cropland Needed,Ref,radar,Cropland Needed,Land Use,,,Total GHG Emissions from AFOLU,Ref,radar,GHG Emissions from AFOLU,Climate,,,Commercial N application for agriculture,Ref,radar,Nitrogen Application Rates,Fertilizer,,,Mean Species Abundance,Ref,radar,Biodiversity Intactness,Biodiversity,,,Total Freshwater Withdrawal for Food,Ref,radar,Freshwater Withdrawal for Food,Water,,,Prevalence of Undernourishment,Ref,radar,Undernourishment Rate,Nutrition,,,,,,,,,,,,,,,,,,,,,,,,,,,,,,,,,,,,,,,,,,,,,,,,,,,,,,,,,,,,,,,,,
tradee4,Trade-Offs (S1 / S2),Trade-Offs (S1 / S2),1,multi,All,"-1,-1,-1,1,-1,-1",Scenario2,combined,Impact Comparison in 2050,,,,radar,,,,,,,,2050,2050,,,,-50,50,,% Change,,,,Cropland Needed,Ref,radar,Cropland Needed,Land Use,,,Total GHG Emissions from AFOLU,Ref,radar,GHG Emissions from AFOLU,Climate,,,Commercial N application for agriculture,Ref,radar,Nitrogen Application Rates,Fertilizer,,,Mean Species Abundance,Ref,radar,Biodiversity Intactness,Biodiversity,,,Total Freshwater Withdrawal for Food,Ref,radar,Freshwater Withdrawal for Food,Water,,,Prevalence of Undernourishment,Ref,radar,Undernourishment Rate,Nutrition,,,,,,,,,,,,,,,,,,,,,,,,,,,,,,,,,,,,,,,,,,,,,,,,,,,,,,,,,,,,,,,,,
,,,,,,,,,,,,,,,,,,,,,,,,,,,,,,,,,,,,,,,,,,,,,,,,,,,,,,,,,,,,,,,,,,,,,,,,,,,,,,,,,,,,,,,,,,,,,,,,,,,,,,,,,,,,,,,,,,,,,,,,,,,,,,,,,,,,,,,,,
,,,,,,,,,,,,,,,,,,,,,,,,,,,,,,,,,,,,,,,,,,,,,,,,,,,,,,,,,,,,,,,,,,,,,,,,,,,,,,,,,,,,,,,,,,,,,,,,,,,,,,,,,,,,,,,,,,,,,,,,,,,,,,,,,,,,,,,,,
fxzzzz,Food,Food,4,single,Demand,,Scenario1,,Daily Caloric Demand per Capita [Food Categories],,,,stacked-line,,,,"**All** scenarios affect the indicator Annual Caloric Demand of Food Including Waste by altering demand across eight key food categories. The first four categories in the legend represent animal-based foods, while the last four represent plant-based foods.",,,,1950,2100,Time (Year),,,,,,kcal / Person / Day,,,,Annual Caloric Demand inc Waste per Capita per Day[PasMeat],,area,Pas Meat,PasMeat,,,Annual Caloric Demand inc Waste per Capita per Day[CropMeat],,area,Crop Meat,CropMeat,,,Annual Caloric Demand inc Waste per Capita per Day[Dairy],,area,Dairy,Dairy,,,Annual Caloric Demand inc Waste per Capita per Day[Eggs],,area,Eggs,Eggs,,,Annual Caloric Demand inc Waste per Capita per Day[Pulses],,area,Pulses,Pulses,,,Annual Caloric Demand inc Waste per Capita per Day[Grains],,area,Grains,Grains,,,Annual Caloric Demand inc Waste per Capita per Day[VegFruits],,area,Veg & Fruits,VegFruits,,,Annual Caloric Demand inc Waste per Capita per Day[OtherCrops],,area,Other Crops,OtherCrops,,,,,,,,,,,,,,,,,,,,,,,,,,,,,,,,,,,,,,,,,,,,,,,,,,,
f1011,Food,Food,4,single,Supply,1.00E-09,Scenario1,,"Annual Caloric Supply [Plant, Animal]",,,,stacked-line,,,,"This variable represents the total annual calorie production of the global agricultural system in response to changing food demand. Here, the supply of food is aggregated as plant-based and animal-based products as it helps to emphasise two fundamentally different production systems of crop and livestock farming.",,,,1950,2100,Time (Year),,,,,,Pcal / Year,,,,Total Supply of Animal Calories ,,area,Animal based Food,red,,,Total Supply of Vegetal Calories,,area,Plant based Food,green,,,,,,,,,,,,,,,,,,,,,,,,,,,,,,,,,,,,,,,,,,,,,,,,,,,,,,,,,,,,,,,,,,,,,,,,,,,,,,,,,,,,,,,,,,,,,
foo,Food,Food,4,single,Demand,100,Scenario1,,Loss and Waste Fraction [Food Categories],,,,line,,,,"Explore this further through the **Food Loss and Waste** scenario inputs - to vary the proportion of food lost or wasted either *by Supply Chain* or *by Food Category*. Plant-based foods are often wasted more, especially by consumers, but animal-based food waste, though smaller, causes greater environmental harm because producing it uses more resources.",,,,1950,2100,Time (Year),,,0,50,,%,,,,FWL Fractions by Food Categories[PasMeat],,line,Pas Meat,PasMeat,,,FWL Fractions by Food Categories[CropMeat],,line,Crop Meat,CropMeat,,,FWL Fractions by Food Categories[Dairy],,line,Dairy,Dairy,,,FWL Fractions by Food Categories[Eggs],,line,Eggs,Eggs,,,FWL Fractions by Food Categories[Pulses],,line,Pulses,Pulses,,,FWL Fractions by Food Categories[Grains],,line,Grains,Grains,,,FWL Fractions by Food Categories[VegFruits],,line,Veg & Fruits,VegFruits,,,FWL Fractions by Food Categories[OtherCrops],,line,Other Crops,OtherCrops,,,,,,,,,,,,,,,,,,,,,,,,,,,,,,,,,,,,,,,,,,,,,,,,,,,
f5a,Food,Food,4,single,Demand,1.00E-09,Scenario1,,"Diet Populations [Conventional, Alternative]",,,,line,,,,"The **Diet Change | Population Dynamics** scenario categorises the population into two groups: conventional dieters, who follow traditional diets, and alternative dieters, who adopt non-traditional eating patterns. Individuals can transition from conventional to alternative diets through dietary changes.",,,,1950,2100,Time (Year),,,,,,Billion People,.0f,,,Total Meat Eaters ,,line,Conventional Dieters,maroon,,,Total Vegetarians ,,line,Alternative Dieters,olive,,,Total Meat Eaters ,Ref,line,Ref,bau,,,Total Vegetarians ,Ref,line,,bau,,,,,,,,,,,,,,,,,,,,,,,,,,,,,,,,,,,,,,,,,,,,,,,,,,,,,,,,,,,,,,,,,,,,,,,,,,,,,,,
f1,Food,Food,4,single,Demand,1.00E-09,Scenario1,,Annual Caloric Demand [Animal-based],,,,stacked-line,,,,Annual caloric demand of food including waste across 4 food categories of animal-based food.,,,,1950,2100,Time (Year),,,,,,Pcal / Year,,,,Annual Caloric Demand inc Waste AP [PasMeat],,area,PasMeat,PasMeat,,,Annual Caloric Demand inc Waste AP [CropMeat],,area,CropMeat,CropMeat,,,Annual Caloric Demand inc Waste AP [Dairy],,area,Dairy,Dairy,,,Annual Caloric Demand inc Waste AP [Eggs],,area,Eggs,Eggs,,,,,,,,,,,,,,,,,,,,,,,,,,,,,,,,,,,,,,,,,,,,,,,,,,,,,,,,,,,,,,,,,,,,,,,,,,,,,,,
f3,Food,Food,4,single,Demand,1.00E-09,Scenario1,,Annual Caloric Demand [Plant-based],,,,stacked-line,,,,Annual caloric demand of food including waste across 4 food categories of plant-based food.,,,,1950,2100,Time (Year),,,,,,Pcal / Year,,,,Annual Caloric Demand inc Waste AP [Pulses],,area,Pulses,Pulses,,,Annual Caloric Demand inc Waste AP [Grains],,area,Grains,Grains,,,Annual Caloric Demand inc Waste AP [VegFruits],,area,Veg & Fruits,VegFruits,,,Annual Caloric Demand inc Waste AP [OtherCrops],,area,Other Crops,OtherCrops,,,,,,,,,,,,,,,,,,,,,,,,,,,,,,,,,,,,,,,,,,,,,,,,,,,,,,,,,,,,,,,,,,,,,,,,,,,,,,,
fx,Food,Food,4,single,Demand,1.00E-09,Scenario1,,Effective Caloric Demand [Food Categories],,,,stacked-line,,,,"**All** scenarios affect the indicator Annual Caloric Demand of Food Including Waste by altering demand across eight key food categories. The first four categories in the legend represent animal-based foods, while the last four represent plant-based foods.",,,,1950,2100,Time (Year),,,,,,Pcal / Year,,,,Annual Caloric Demand inc Waste AP [PasMeat],,area,Pas Meat,PasMeat,,,Annual Caloric Demand inc Waste AP [CropMeat],,area,Crop Meat,CropMeat,,,Annual Caloric Demand inc Waste AP [Dairy],,area,Dairy,Dairy,,,Annual Caloric Demand inc Waste AP [Eggs],,area,Eggs,Eggs,,,Annual Caloric Demand inc Waste AP [Pulses],,area,Pulses,Pulses,,,Annual Caloric Demand inc Waste AP [Grains],,area,Grains,Grains,,,Annual Caloric Demand inc Waste AP [VegFruits],,area,Veg & Fruits,VegFruits,,,Annual Caloric Demand inc Waste AP [OtherCrops],,area,Other Crops,OtherCrops,,,,,,,,,,,,,,,,,,,,,,,,,,,,,,,,,,,,,,,,,,,,,,,,,,,
,,,,,,,,,,,,,,,,,,,,,,,,,,,,,,,,,,,,,,,,,,,,,,,,,,,,,,,,,,,,,,,,,,,,,,,,,,,,,,,,,,,,,,,,,,,,,,,,,,,,,,,,,,,,,,,,,,,,,,,,,,,,,,,,,,,,,,,,,
f12,Food,Food,4,single,Supply,,Scenario1,,Animal-based Food Production,,,,line,,,,"Total production of animal-derived foods (e.g., beef, pork, poultry). Typically requires more land, water, and feed, contributing to higher environmental impacts.",,,,1950,2100,Time (Year),,,,,,Gigaton / Year,,,,Meat Based Food Production,,line,New Scenario,cust,,,Meat Based Food Production,Ref,line,Ref,bau,,,,,,,,,,,,,,,,,,,,,,,,,,,,,,,,,,,,,,,,,,,,,,,,,,,,,,,,,,,,,,,,,,,,,,,,,,,,,,,,,,,,,,,,,,,,,
f11,Food,Food,4,single,Supply,,Scenario1,,Plant-based Food Production,,,,line,,,,"Total production of plant-derived foods (e.g., cereals, legumes, vegetables, fruits). Generally more land- and resource-efficient than animal-based production.",,,,1950,2100,Time (Year),,,,,,Gigaton / Year,,,,Plant-based Food Production,,line,New Scenario,cust,,,Plant-based Food Production,Ref,line,Ref,bau,,,,,,,,,,,,,,,,,,,,,,,,,,,,,,,,,,,,,,,,,,,,,,,,,,,,,,,,,,,,,,,,,,,,,,,,,,,,,,,,,,,,,,,,,,,,,
fy,Food,Food,4,single,Demand,0.01,Scenario1,,Average Diet Composition [Food Categories],,,,stacked-line,,,,,,,,1950,2100,Time (Year),,,0,100,,%,,,,Diet Composition Percentage[PasMeat],,area,Pas Meat,PasMeat,,,Diet Composition Percentage[CropMeat],,area,Crop Meat,CropMeat,,,Diet Composition Percentage[Dairy],,area,Dairy,Dairy,,,Diet Composition Percentage[Eggs],,area,Eggs,Eggs,,,Diet Composition Percentage[Pulses],,area,Pulses,Pulses,,,Diet Composition Percentage[Grains],,area,Grains,Grains,,,Diet Composition Percentage[VegFruits],,area,Veg & Fruits,VegFruits,,,Diet Composition Percentage[OtherCrops],,area,Other Crops,OtherCrops,,,,,,,,,,,,,,,,,,,,,,,,,,,,,,,,,,,,,,,,,,,,,,,,,,,
,,,,,,,,,,,,,,,,,,,,,,,,,,,,,,,,,,,,,,,,,,,,,,,,,,,,,,,,,,,,,,,,,,,,,,,,,,,,,,,,,,,,,,,,,,,,,,,,,,,,,,,,,,,,,,,,,,,,,,,,,,,,,,,,,,,,,,,,,
ap1,Food,Food,4,single,Alternative Proteins,1.00E-09,Scenario1,,Annual Caloric Demand from APs [Food Categories],,,,stacked-line,,,,,,,,1950,2100,Time (Year),,,,,,Pcal / Year,,,,Annual Caloric Demand from Alternative Proteins [AltPasMeat],,area,PasMeat,PasMeat,,,Annual Caloric Demand from Alternative Proteins [AltCropMeat],,area,Crop Meat,CropMeat,,,Annual Caloric Demand from Alternative Proteins [AltDairy],,area,Dairy,Dairy,,,Annual Caloric Demand from Alternative Proteins [AltEggs],,area,Eggs,Eggs,,,,,,,,,,,,,,,,,,,,,,,,,,,,,,,,,,,,,,,,,,,,,,,,,,,,,,,,,,,,,,,,,,,,,,,,,,,,,,,
ap2,Food,Food,4,single,Alternative Proteins,1.00E-09,Scenario1,,Annual Caloric Demand from non-APs [Food Categories],,,,stacked-line,,,,,,,,1950,2100,Time (Year),,,,,,Pcal / Year,,,,Annual Caloric Demand from Conventional Food [PasMeat],,area,Pas Meat,PasMeat,,,Annual Caloric Demand from Conventional Food [CropMeat],,area,Crop Meat,CropMeat,,,Annual Caloric Demand from Conventional Food [Dairy],,area,Dairy,Dairy,,,Annual Caloric Demand from Conventional Food [Eggs],,area,Eggs,Eggs,,,Annual Caloric Demand from Conventional Food [Pulses],,area,Pulses,Pulses,,,Annual Caloric Demand from Conventional Food [Grains],,area,Grains,Grains,,,Annual Caloric Demand from Conventional Food [VegFruits],,area,Veg & Fruits,VegFruits,,,Annual Caloric Demand from Conventional Food [OtherCrops],,area,Other Crops,OtherCrops,,,,,,,,,,,,,,,,,,,,,,,,,,,,,,,,,,,,,,,,,,,,,,,,,,,
ap3,Food,Food,4,single,Alternative Proteins,1.00E-09,Scenario1,,Annual Total Crop Demand for APs [Food Categories],,,,stacked-line,,,,,,,,1950,2100,Time (Year),,,,,,Gigaton / Year,,,,Annual Total Crop Demand for APs [Pulses],,area,Pulses,Pulses,,,Annual Total Crop Demand for APs [Grains],,area,Grains,Grains,,,Annual Total Crop Demand for APs [VegFruits],,area,Veg & Fruits,VegFruits,,,Annual Total Crop Demand for APs [OtherCrops],,area,Other Crops,OtherCrops,,,,,,,,,,,,,,,,,,,,,,,,,,,,,,,,,,,,,,,,,,,,,,,,,,,,,,,,,,,,,,,,,,,,,,,,,,,,,,,
,,,,,,,,,,,,,,,,,,,,,,,,,,,,,,,,,,,,,,,,,,,,,,,,,,,,,,,,,,,,,,,,,,,,,,,,,,,,,,,,,,,,,,,,,,,,,,,,,,,,,,,,,,,,,,,,,,,,,,,,,,,,,,,,,,,,,,,,,
hx,Nutrition,Nutrition,4,single,Health Indicators,100,Scenario1,,Prevalence of Undernourishment,,,,line,,,,x,,,,1950,2100,Time (Year),,,0,70,,%,,,,Prevalence of Undernourishment,,line,New Scenario,cust,,,Prevalence of Undernourishment,Ref,line,Ref,bau,,,,,,,,,,,,,,,,,,,,,,,,,,,,,,,,,,,,,,,,,,,,,,,,,,,,,,,,,,,,,,,,,,,,,,,,,,,,,,,,,,,,,,,,,,,,,
hy,Nutrition,Nutrition,4,single,Health Indicators,1.00E-09,Scenario1,,Number of Undernourished People,,,,line,,,,x,,,,1950,2100,Time (Year),,,0,2,,Billion People,,,,Number of Undernourished People,,line,New Scenario,cust,,,Number of Undernourished People,Ref,line,Ref,bau,,,,,,,,,,,,,,,,,,,,,,,,,,,,,,,,,,,,,,,,,,,,,,,,,,,,,,,,,,,,,,,,,,,,,,,,,,,,,,,,,,,,,,,,,,,,,
,,,,,,,,,,,,,,,,,,,,,,,,,,,,,,,,,,,,,,,,,,,,,,,,,,,,,,,,,,,,,,,,,,,,,,,,,,,,,,,,,,,,,,,,,,,,,,,,,,,,,,,,,,,,,,,,,,,,,,,,,,,,,,,,,,,,,,,,,
h1,Nutrition,Nutrition,4,single,Nutritional Availabilities,,Scenario1,,Caloric Availability per Capita per Day,,,,line,,,,Average daily calorie availability per person from all food sources. Calories provide the energy needed for all bodily functions and activities.,,,,1950,2100,Time (Year),,,,,,kcal / Person / Day,,,,Average Caloric Availability per Capita per Day,,line,New Scenario,cust,,,Average Caloric Availability per Capita per Day,Ref,line,Ref,bau,,,,,,,,,,,,,,,,,,,,,,,,,,,,,,,,,,,,,,,,,,,,,,,,,,,,,,,,,,,,,,,,,,,,,,,,,,,,,,,,,,,,,,,,,,,,,
h1a,Nutrition,Nutrition,4,single,Nutritional Availabilities,,Scenario1,,"Caloric Availability per Capita per Day [Plant, Animal]",,,,stacked-line,,,,"Daily calorie availability per person from plant-based and animal-based sources. Key plant sources include cereals (e.g., rice, wheat), while animal-based sources include meat and dairy products.",,,,1950,2100,Time (Year),,,,,,kcal / Person / Day,,,,Caloric Availability per Capita per Day from Animal Food,,area,Animal based Food,red,,,Caloric Availability per Capita per Day from Animal Food,,area,Plant based Food,green,,,,,,,,,,,,,,,,,,,,,,,,,,,,,,,,,,,,,,,,,,,,,,,,,,,,,,,,,,,,,,,,,,,,,,,,,,,,,,,,,,,,,,,,,,,,,
h2,Nutrition,Nutrition,4,single,Nutritional Availabilities,,Scenario1,,Protein Availability per Capita per Day,,,,line,,,,"Average daily protein availability per person from all food sources. Protein is essential for building and repairing body tissues, enzymes, and hormones.",,,,1950,2100,Time (Year),,,,,,g / Person / Day,,,,Average Nutrient Availability per Capita per Day[Protein],,line,New Scenario,cust,,,Average Nutrient Availability per Capita per Day[Protein],Ref,line,Ref,bau,,,,,,,,,,,,,,,,,,,,,,,,,,,,,,,,,,,,,,,,,,,,,,,,,,,,,,,,,,,,,,,,,,,,,,,,,,,,,,,,,,,,,,,,,,,,,
h2a,Nutrition,Nutrition,4,single,Nutritional Availabilities,,Scenario1,,"Protein Availability per Capita per Day [Plant, Animal]",,,,stacked-line,,,,"Daily protein availability per person from plant-based and animal-based sources. Major plant sources include legumes and grains; animal-based sources include meat, eggs, and dairy.",,,,1950,2100,Time (Year),,,,,,g / Person / Day,,,,Nutrient Availability per Capita per Day from Animal Food[Protein],,area,Animal based Food,red,,,Nutrient Availability per Capita per Day from Plant Food[Protein],,area,Plant based Food,green,,,,,,,,,,,,,,,,,,,,,,,,,,,,,,,,,,,,,,,,,,,,,,,,,,,,,,,,,,,,,,,,,,,,,,,,,,,,,,,,,,,,,,,,,,,,,
h3,Nutrition,Nutrition,4,single,Nutritional Availabilities,,Scenario1,,Fat Availability per Capita per Day,,,,line,,,,"Average daily fat availability per person from all food sources. Fats are vital for brain function, hormone production, and energy storage.",,,,1950,2100,Time (Year),,,,,,g / Person / Day,,,,Average Nutrient Availability per Capita per Day[Fat],,line,New Scenario,cust,,,Average Nutrient Availability per Capita per Day[Fat],Ref,line,Ref,bau,,,,,,,,,,,,,,,,,,,,,,,,,,,,,,,,,,,,,,,,,,,,,,,,,,,,,,,,,,,,,,,,,,,,,,,,,,,,,,,,,,,,,,,,,,,,,
h3a,Nutrition,Nutrition,4,single,Nutritional Availabilities,,Scenario1,,"Fat Availability per Capita per Day [Plant, Animal]",,,,stacked-line,,,,"Daily fat availability per person from plant-based and animal-based sources. Plant fats mainly come from vegetable oils and nuts; animal-based fats come from meat, butter, and dairy.",,,,1950,2100,Time (Year),,,,,,g / Person / Day,,,,Nutrient Availability per Capita per Day from Animal Food[Fat],,area,Animal based Food,red,,,Nutrient Availability per Capita per Day from Plant Food[Fat],,area,Plant based Food,green,,,,,,,,,,,,,,,,,,,,,,,,,,,,,,,,,,,,,,,,,,,,,,,,,,,,,,,,,,,,,,,,,,,,,,,,,,,,,,,,,,,,,,,,,,,,,
,,,,,,,,,,,,,,,,,,,,,,,,,,,,,,,,,,,,,,,,,,,,,,,,,,,,,,,,,,,,,,,,,,,,,,,,,,,,,,,,,,,,,,,,,,,,,,,,,,,,,,,,,,,,,,,,,,,,,,,,,,,,,,,,,,,,,,,,,
,,,,,,,,,,,,,,,,,,,,,,,,,,,,,,,,,,,,,,,,,,,,,,,,,,,,,,,,,,,,,,,,,,,,,,,,,,,,,,,,,,,,,,,,,,,,,,,,,,,,,,,,,,,,,,,,,,,,,,,,,,,,,,,,,,,,,,,,,
lu99999,Land Use,Land Use,4,single,Land Use Changes,,Scenario1,,Deforestation Rate,,,,line,,,,"Annual rate of forest area lost due to land conversion, primarily for agriculture or development. High rates indicate environmental pressure and biodiversity loss.",,,,1950,2100,Time (Year),,,,,,% of Initial Forest Land,,,,Deforestation as Percentage of Initial Forest Land,,line,New Scenario,cust,,,Deforestation as Percentage of Initial Forest Land,Ref,line,Ref,bau,,,,,,,,,,,,,,,,,,,,,,,,,,,,,,,,,,,,,,,,,,,,,,,,,,,,,,,,,,,,,,,,,,,,,,,,,,,,,,,,,,,,,,,,,,,,,
lu9999,Land Use,Land Use,4,single,Land Use Changes,1.00E-09,Scenario1,,"Land Use [Agriculture, Forest Land]",,,,line,,,,Total land area allocated to agriculture and forest uses. Reflects how land is distributed between productive and natural ecosystems.,,,,1950,2100,Time (Year),,,3,5.5,,Billion ha,,,,Agricultural Land ,,line,Agricultural Land,Agricultural Land,,,Forest Land ,,line,Forest Land,Forest Land,,,Agricultural Land ,Ref,line,Ref,bau,,,Forest Land ,Ref,line,,bau,,,,,,,,,,,,,,,,,,,,,,,,,,,,,,,,,,,,,,,,,,,,,,,,,,,,,,,,,,,,,,,,,,,,,,,,,,,,,,,
lu999939,Land Use,Land Use,4,single,Productivity,,Scenario1,,Cropland Yield,,,,line,,,,Average agricultural output per unit of cropland area. A key indicator of land productivity and farming efficiency.,,,,1950,2100,Time (Year),,,,,,Ton / (Year * ha),,,,Cropland Yield,,line,New Scenario,cust,,,Cropland Yield,Ref,line,Ref,bau,,,,,,,,,,,,,,,,,,,,,,,,,,,,,,,,,,,,,,,,,,,,,,,,,,,,,,,,,,,,,,,,,,,,,,,,,,,,,,,,,,,,,,,,,,,,,
lu4,Land Use,Land Use,4,single,Land Use Changes,1.00E-09,Scenario1,,Agriculture Land Needed [Land Use],,,,stacked-line,,,,Estimated agricultural land area required based on food demand and production systems. Highlights land pressure under current land use types.,,,,1950,2100,Time (Year),,,,,,Billion ha,,,,Land Allocated for Animal Calories ,,area,Animal Calories,maroon,,,Land Allocated for Food Crops ,,area,Food Crops,olive,,,Land Allocated for Energy Crops ,,area,Energy Crops,orange,,,,,,,,,,,,,,,,,,,,,,,,,,,,,,,,,,,,,,,,,,,,,,,,,,,,,,,,,,,,,,,,,,,,,,,,,,,,,,,,,,,,,,
lu99,Land Use,Land Use,4,single,Land Use Changes,1.00E-09,Scenario1,,Agriculture Land Needed [Land Type],,,,stacked-line,,,,"Estimated land demand broken down by specific land types (e.g., arable, pasture). Useful for evaluating suitability and trade-offs.",,,,1950,2100,Time (Year),,,,,,Billion ha,,,,Total Grassland Needed ,,area,Grassland,grassland,,,Cropland Needed ,,area,Cropland,cropland,,,,,,,,,,,,,,,,,,,,,,,,,,,,,,,,,,,,,,,,,,,,,,,,,,,,,,,,,,,,,,,,,,,,,,,,,,,,,,,,,,,,,,,,,,,,,
lu999,Land Use,Land Use,4,single,Productivity,,Scenario1,,Land Use Per Calorie,,,,line,,,,Land area required to produce one calorie of food. Lower values indicate more land-efficient food systems.,,,,1950,2100,Time (Year),,,0,1,,ha / Mkcal / year,,,,Land Use per Calorie of Food,,line,New Scenario,cust,,,Land Use per Calorie of Food,Ref,line,Ref,bau,,,,,,,,,,,,,,,,,,,,,,,,,,,,,,,,,,,,,,,,,,,,,,,,,,,,,,,,,,,,,,,,,,,,,,,,,,,,,,,,,,,,,,,,,,,,,
lu0,Land Use,Land Use,4,single,Land Use Changes,,Scenario1,,Land Use Composition [Land Use],,,,stacked-line,,,,"Proportion of total land allocated to different uses (e.g., cropland, pasture, forest). Captures landscape structure and resource allocation.",,,,1950,2100,Time (Year),,,0,100,,%,,,,Percentage of Agriculture Land,,area,Agricultural Land,Agricultural Land,,,Percentage of Forest Land,,area,Forest Land,Forest Land,,,Percentage of Urban and Industrial Land,,area,Urban and Industrial Land,Urban and Industrial Land,,,Percentage of Other Land,,area,Other Land,black,Other Land,,,,,,,,,,,,,,,,,,,,,,,,,,,,,,,,,,,,,,,,,,,,,,,,,,,,,,,,,,,,,,,,,,,,,,,,,,,,,,
,,,,,,,,,,,,,,,,,,,,,,,,,,,,,,,,,,,,,,,,,,,,,,,,,,,,,,,,,,,,,,,,,,,,,,,,,,,,,,,,,,,,,,,,,,,,,,,,,,,,,,,,,,,,,,,,,,,,,,,,,,,,,,,,,,,,,,,,,
ccyy,Climate,Climate,4,single,"Emissions from Agriculture, Forestry and Land Use",1.00E-09,Scenario1,,Total Emissions AFOLU [Gas],,,,stacked-line,,,,x,,,,1950,2100,Time (Year),,,,,,Gigaton CO2eq / Year,,,,CH4 AFOLU in CO2eq ,,area,CH4,CH4,,,N2O AFOLU in CO2eq ,,area,N2O,N2O,,,CO2 AFOLU in CO2eq ,,area,CO2,CO2,,,,,,,,,,,,,,,,,,,,,,,,,,,,,,,,,,,,,,,,,,,,,,,,,,,,,,,,,,,,,,,,,,,,,,,,,,,,,,,,,,,,,,
cc6,Climate,Climate,4,single,"Emissions from Agriculture, Forestry and Land Use",1.00E-09,Scenario1,,CH4 Emissions AFOLU [Activity],,,,stacked-line,,,,x,,,,1950,2100,Time (Year),,,0,7,,Gigaton CO2eq / Year,,,,CH4 from Livestocks and Manure in CO2eq ,,area,CH4 Livestock and Manure,CH4 Livestock and Manure,,,CH4 from Rice Cultivation in CO2eq ,,area,CH4 Rice Cultivation,CH4 Rice Cultivation,,,CH4 from Burning Biomass in CO2eq ,,area,CH4 Burning Biomass,CH4 Burning Biomass,,,,,,,,,,,,,,,,,,,,,,,,,,,,,,,,,,,,,,,,,,,,,,,,,,,,,,,,,,,,,,,,,,,,,,,,,,,,,,,,,,,,,,
cc5,Climate,Climate,4,single,"Emissions from Agriculture, Forestry and Land Use",1.00E-09,Scenario1,,N2O Emissions AFOLU [Activity],,,,stacked-line,,,,x,,,,1950,2100,Time (Year),,,0,4,,Gigaton CO2eq / Year,,,,N2O from Agriculture Soils in CO2eq ,,area,N2O Agriculture Soils,N2O Agriculture Soils,,,N2O from Livestocks and Manure in CO2eq ,,area,N2O Livestock and Manure,N2O Livestock and Manure,,,N2O from Burning Biomass in CO2eq ,,area,N2O Burning Biomass,N2O Burning Biomass,,,,,,,,,,,,,,,,,,,,,,,,,,,,,,,,,,,,,,,,,,,,,,,,,,,,,,,,,,,,,,,,,,,,,,,,,,,,,,,,,,,,,,
cc100,Climate,Climate,4,single,"Emissions from Agriculture, Forestry and Land Use",1.00E-09,Scenario1,,CO2 Emissions AFOLU  [Activity],,,,stacked-line,,,,x,,,,1950,2100,Time (Year),,,-0.5,2.5,,Gigaton CO2eq / Year,,,,CO2 from Net Forest Land Emissions and Removals ,,area,CO2 Net Forest Land Emissions & Removals,CO2 Net Forest Land Emissions & Removals,,,CO2 from Drained Organic Soils ,,area,CO2 Drained Organic Soils,CO2 Drained Organic Soils,,,CO2 from Burning Biomass ,,area,CO2 Burning Biomass,CO2 Burning Biomass,,,,,,,,,,,,,,,,,,,,,,,,,,,,,,,,,,,,,,,,,,,,,,,,,,,,,,,,,,,,,,,,,,,,,,,,,,,,,,,,,,,,,,
cc4,Climate,Climate,4,single,"Emissions from Agriculture, Forestry and Land Use",1.00E-09,Scenario1,,Total Emissions AFOLU [Gas - Activity] {Area} ,,,,stacked-line,,,,x,,,,1950,2100,Time (Year),,,,,,Gigaton CO2eq / Year,,,,CH4 from Livestocks and Manure in CO2eq ,,area,CH4 Livestock and Manure,CH4 Livestock and Manure,,,CH4 from Rice Cultivation in CO2eq ,,area,CH4 Rice Cultivation,CH4 Rice Cultivation,,,CH4 from Burning Biomass in CO2eq ,,area,CH4 Burning Biomass,CH4 Burning Biomass,,,N2O from Agriculture Soils in CO2eq ,,area,N2O Agriculture Soils,N2O Agriculture Soils,,,N2O from Livestocks and Manure in CO2eq ,,area,N2O Livestock and Manure,N2O Livestock and Manure,,,N2O from Burning Biomass in CO2eq ,,area,N2O Burning Biomass,N2O Burning Biomass,,,CO2 from Net Forest Land Emissions and Removals ,,area,CO2 Net Forest Land Emissions & Removals,CO2 Net Forest Land Emissions & Removals,,,CO2 from Drained Organic Soils ,,area,CO2 Drained Organic Soils,CO2 Drained Organic Soils,,,CO2 from Burning Biomass ,,area,CO2 Burning Biomass,CO2 Burning Biomass,,,,,,,,,,,,,,,,,,,,,,,,,,,,,,,,,,,,,,,,,,,,
cc1,Climate,Climate,4,single,Global Warming,,Scenario1,,Temperature Change from Preindustrial,,,,line,,,,"Average global temperature increase compared to preindustrial levels, measured in degrees Celsius.",,,,1950,2100,Time (Year),,,,,,Degree C,,,,Temperature Change from Preindustrial,,line,New Scenario,cust,,,Temperature Change from Preindustrial,Ref,line,Ref,bau,,,,,,,,,,,,,,,,,,,,,,,,,,,,,,,,,,,,,,,,,,,,,,,,,,,,,,,,,,,,,,,,,,,,,,,,,,,,,,,,,,,,,,,,,,,,,
,,,,,,,,,,,,,,,,,,,,,,,,,,,,,,,,,,,,,,,,,,,,,,,,,,,,,,,,,,,,,,,,,,,,,,,,,,,,,,,,,,,,,,,,,,,,,,,,,,,,,,,,,,,,,,,,,,,,,,,,,,,,,,,,,,,,,,,,,
ccxx,Climate,Climate,4,single,"Emissions from Agriculture, Forestry and Land Use",1.00E-09,Scenario1,,Total Emissions AFOLU [Gas - Activity] {Line},,,,line,,,,x,,,,1950,2100,Time (Year),,,,,,Gigaton CO2eq / Year,,,,CH4 from Livestocks and Manure in CO2eq,,line,CH4 Livestock and Manure,CH4 Livestock and Manure,,,CH4 from Rice Cultivation in CO2eq,,line,CH4 Rice Cultivation,CH4 Rice Cultivation,,,CH4 from Burning Biomass in CO2eq,,line,CH4 Burning Biomass,CH4 Burning Biomass,,,N2O from Agriculture Soils in CO2eq,,line,N2O Agriculture Soils,N2O Agriculture Soils,,,N2O from Livestocks and Manure in CO2eq,,line,N2O Livestock and Manure,N2O Livestock and Manure,,,N2O from Burning Biomass in CO2eq,,line,N2O Burning Biomass,N2O Burning Biomass,,,CO2 from Net Forest Land Emissions and Removals,,line,CO2 Net Forest Land Emissions & Removals,CO2 Net Forest Land Emissions & Removals,,,CO2 from Drained Organic Soils,,line,CO2 Drained Organic Soils,CO2 Drained Organic Soils,,,CO2 from Burning Biomass,,line,CO2 Burning Biomass,CO2 Burning Biomass,,,,,,,,,,,,,,,,,,,,,,,,,,,,,,,,,,,,,,,,,,,,
,,,,,,,,,,,,,,,,,,,,,,,,,,,,,,,,,,,,,,,,,,,,,,,,,,,,,,,,,,,,,,,,,,,,,,,,,,,,,,,,,,,,,,,,,,,,,,,,,,,,,,,,,,,,,,,,,,,,,,,,,,,,,,,,,,,,,,,,,
ccxxxx,Climate,Climate,4,single,Global Warming,,Scenario1,,Effective Radiative Forcing [Gas Types],,,,stacked-line,,,,x,,,,1950,2100,Time (Year),,,,,,W / m2,,,,CH4 Radiative Forcing,,area,CH4,CH4,,,N2O Radiative Forcing,,area,N2O,N2O,,,CO2 Radiative Forcing,,area,CO2,CO2,,,,,,,,,,,,,,,,,,,,,,,,,,,,,,,,,,,,,,,,,,,,,,,,,,,,,,,,,,,,,,,,,,,,,,,,,,,,,,,,,,,,,,
cc3,Climate,Climate,4,single,Global Warming,1.00E-09,Scenario1,,Total Emissions [Gas Type],,,,stacked-line,,,,"Total greenhouse gas emissions from AFOLU, disaggregated by gas type (CO2, CH4, N2O). Helps identify the dominant gases contributing to emissions.",,,,1950,2100,Time (Year),,,,,,Gigaton CO2eq / Year,,,,Total Anthropogenic CH4 Emissions in CO2eq ,,area,CH4,CH4,,,Total Anthropogenic N2O Emissions in CO2eq ,,area,N2O,N2O,,,Total Anthropogenic CO2 Emissions in CO2eq ,,area,CO2,CO2,,,,,,,,,,,,,,,,,,,,,,,,,,,,,,,,,,,,,,,,,,,,,,,,,,,,,,,,,,,,,,,,,,,,,,,,,,,,,,,,,,,,,,
,,,,,,,,,,,,,,,,,,,,,,,,,,,,,,,,,,,,,,,,,,,,,,,,,,,,,,,,,,,,,,,,,,,,,,,,,,,,,,,,,,,,,,,,,,,,,,,,,,,,,,,,,,,,,,,,,,,,,,,,,,,,,,,,,,,,,,,,,
cc2,Climate,Climate,4,single,Emissions from All Sectors,1.00E-09,Scenario1,,Total Emissions [Sectors],,,,stacked-line,,,,-,,,,1950,2100,Time (Year),,,,,,Gigaton CO2eq / Year,,,,Total GHG Emissions from Agriculture ,,area,Agriculture,Agriculture,,,Total GHG Emissions from LULUCF ,,area,LULUCF,LULUCF,,,Total GHG Emissions from Energy ,,area,Energy,Energy,,,Total GHG Emissions from Industry and Waste ,,area,Industry and Waste,Industry and Waste,,,,,,,,,,,,,,,,,,,,,,,,,,,,,,,,,,,,,,,,,,,,,,,,,,,,,,,,,,,,,,,,,,,,,,,,,,,,,,,
cc7,Climate,Climate,4,single,Emissions from All Sectors,1.00E-09,Scenario1,,CH4 Emissions [Sector],,,,stacked-line,,,,x,,,,1950,2100,Time (Year),,,,,,Gigaton CO2eq / Year,,,,Total CH4 from Agriculture in CO2eq ,,area,Agriculture,Agriculture,,,Total CH4 from LULUCF in CO2eq ,,area,LULUCF,LULUCF,,,Total CH4 from Energy in CO2eq ,,area,Energy,Energy,,,Total CH4 from Waste in CO2eq ,,area,Industry and Waste,Industry and Waste,,,,,,,,,,,,,,,,,,,,,,,,,,,,,,,,,,,,,,,,,,,,,,,,,,,,,,,,,,,,,,,,,,,,,,,,,,,,,,,
cc8,Climate,Climate,4,single,Emissions from All Sectors,1.00E-09,Scenario1,,CO2 Emissions [Sector],,,,stacked-line,,,,x,,,,1950,2100,Time (Year),,,,,,Gigaton CO2eq / Year,,,,Total CO2 from LULUCF,,area,LULUCF,LULUCF,,,Total CO2 from Energy,,area,Energy,Energy,,,,,,,,,,,,,,,,,,,,,,,,,,,,,,,,,,,,,,,,,,,,,,,,,,,,,,,,,,,,,,,,,,,,,,,,,,,,,,,,,,,,,,,,,,,,,
cc9,Climate,Climate,4,single,Emissions from All Sectors,1.00E-09,Scenario1,,N2O Emissions [Sector],,,,stacked-line,,,,x,,,,1950,2100,Time (Year),,,,,,Gigaton CO2eq / Year,,,,Total N2O from Agriculture in CO2eq ,,area,Agriculture,Agriculture,,,Total N2O from LULUCF in CO2eq ,,area,LULUCF,LULUCF,,,Total N2O from Energy in CO2eq ,,area,Energy,Energy,,,Total N2O from Industry and Waste in CO2eq ,,area,Industry and Waste,Industry and Waste,,,,,,,,,,,,,,,,,,,,,,,,,,,,,,,,,,,,,,,,,,,,,,,,,,,,,,,,,,,,,,,,,,,,,,,,,,,,,,,
,,,,,,,,,,,,,,,,,,,,,,,,,,,,,,,,,,,,,,,,,,,,,,,,,,,,,,,,,,,,,,,,,,,,,,,,,,,,,,,,,,,,,,,,,,,,,,,,,,,,,,,,,,,,,,,,,,,,,,,,,,,,,,,,,,,,,,,,,
fua,Fertilizer,Fertilizer,4,single,Nitrogen,1.00E-06,Scenario1,,Nitrogen Application in Agriculture,,,,line,,,,"Total synthetic nitrogen applied to agricultural land, excluding organic sources. Synthetic nitrogen is crucial for crop growth, but its excessive use can lead to water pollution, soil degradation, and greenhouse gas emissions.",,,,1950,2100,Time (Year),,,0,140,,Million Ton /  Year,,,,Commercial N application for agriculture ,,line,New Scenario,cust,,,Commercial N application for agriculture ,Ref,line,Ref,bau,,,,,,,,,,,,,,,,,,,,,,,,,,,,,,,,,,,,,,,,,,,,,,,,,,,,,,,,,,,,,,,,,,,,,,,,,,,,,,,,,,,,,,,,,,,,,
fuc,Fertilizer,Fertilizer,4,single,Nitrogen,1.00E-06,Scenario1,,Nitrogen Application in Agriculture [Food Categories],,,,stacked-line,,,,"Nitrogen used to produce specific food types (e.g., cereals, legumes, animal feed). Animal-based food production often requires more nitrogen, contributing to higher environmental harm through runoff and emissions.",,,,1950,2100,Time (Year),,,0,140,,Million Ton /  Year,,,,Commercial N application for each category [PasMeat],,area,Pas Meat,PasMeat,,,Commercial N application for each category [Pulses],,area,Pulses,Pulses,,,Commercial N application for each category [Grains],,area,Grains,Grains,,,Commercial N application for each category [VegFruits],,area,Veg & Fruits,VegFruits,,,Commercial N application for each category [OtherCrops],,area,Other Crops,OtherCrops,,,,,,,,,,,,,,,,,,,,,,,,,,,,,,,,,,,,,,,,,,,,,,,,,,,,,,,,,,,,,,,,,,,,,,,,
fub,Fertilizer,Fertilizer,4,single,Phosphorus,1.00E-06,Scenario1,,Phosphorus Application in Agriculture,,,,line,,,,"Total synthetic phosphorus applied to agricultural land, excluding organic phosphorus. Essential for plant development, but over-application increases the risk of water pollution and algal blooms.",,,,1950,2100,Time (Year),,,0,30,,Million Ton /  Year,,,,Commercial P application for agriculture ,,line,New Scenario,cust,,,Commercial P application for agriculture ,Ref,line,Ref,bau,,,,,,,,,,,,,,,,,,,,,,,,,,,,,,,,,,,,,,,,,,,,,,,,,,,,,,,,,,,,,,,,,,,,,,,,,,,,,,,,,,,,,,,,,,,,,
fud,Fertilizer,Fertilizer,4,single,Phosphorus,1.00E-06,Scenario1,,Phosphorus in Agriculture Application [Food Categories],,,,stacked-line,,,,"Phosphorus applied to grow various food types. Animal-based and feed crops typically demand more phosphorus, intensifying risks of nutrient runoff and water eutrophication.",,,,1950,2100,Time (Year),,,0,30,,Million Ton /  Year,,,,Commercial P application for each category [PasMeat],,area,Pas Meat,PasMeat,,,Commercial P application for each category [Pulses],,area,Pulses,Pulses,,,Commercial P application for each category [Grains],,area,Grains,Grains,,,Commercial P application for each category [VegFruits],,area,Veg & Fruits,VegFruits,,,Commercial P application for each category [OtherCrops],,area,Other Crops,OtherCrops,,,,,,,,,,,,,,,,,,,,,,,,,,,,,,,,,,,,,,,,,,,,,,,,,,,,,,,,,,,,,,,,,,,,,,,,
,,,,,,,,,,,,,,,,,,,,,,,,,,,,,,,,,,,,,,,,,,,,,,,,,,,,,,,,,,,,,,,,,,,,,,,,,,,,,,,,,,,,,,,,,,,,,,,,,,,,,,,,,,,,,,,,,,,,,,,,,,,,,,,,,,,,,,,,,
fu16,Fertilizer,Fertilizer,4,single,Nitrogen,1.00E-06,Scenario1,,Nitrogen,,,,line,,,,"Total nitrogen present in the agricultural system, including soil, crops, and external inputs. Reflects nutrient availability, potential surplus, and pollution risks.",,,,1950,2100,Time (Year),,,,,,Million Ton,,,,Nitrogen ,,line,New Scenario,cust,,,Nitrogen ,Ref,line,Ref,bau,,,,,,,,,,,,,,,,,,,,,,,,,,,,,,,,,,,,,,,,,,,,,,,,,,,,,,,,,,,,,,,,,,,,,,,,,,,,,,,,,,,,,,,,,,,,,
fu129sdsd,Fertilizer,Fertilizer,4,single,Nitrogen,1.00E-06,Scenario1,,Nitrogen Flows [Source],,,,line,,,,"Movement of nitrogen through the environment (e.g., leaching, volatilization, runoff). Helps identify major loss pathways and their environmental impacts.",,,,1950,2100,Time (Year),,,-100,100,,kg / (Year * ha),,,,Nitrogen from Commerical Application,,line,Commercial Application,maroon,,,Nitrogen from Application with Manure,,line,Application with Manure,indigo,,,Nitrogen from Uptake Rate,,line,Uptake,olive,,,Nitrogen from Runoff,,line,"Erosion, Leaching and Runoff",navy,,,Nitrogen from Denitrification,,line,Denitrification,blue,,,,,,,,,,,,,,,,,,,,,,,,,,,,,,,,,,,,,,,,,,,,,,,,,,,,,,,,,,,,,,,,,,,,,,,,
fu17,Fertilizer,Fertilizer,4,single,Phosphorus,1.00E-06,Scenario1,,Phosphorus,,,,line,,,,"Total phosphorus in the system, including soil stock and added inputs. Important for assessing long-term fertility and risk of overaccumulation.",,,,1950,2100,Time (Year),,,,,,Million Ton,,,,Phosphorus ,,line,New Scenario,cust,,,Phosphorus ,Ref,line,Ref,bau,,,,,,,,,,,,,,,,,,,,,,,,,,,,,,,,,,,,,,,,,,,,,,,,,,,,,,,,,,,,,,,,,,,,,,,,,,,,,,,,,,,,,,,,,,,,,
fu12ds9ssdd,Fertilizer,Fertilizer,4,single,Phosphorus,1.00E-06,Scenario1,,Phosphorus Flows [Source],,,,line,,,,"Pathways of phosphorus movement and loss (e.g., surface runoff, crop uptake). Key for managing efficiency and minimizing pollution.",,,,1950,2100,Time (Year),,,-25,25,,kg / (Year * ha),,,,Phosphorus from Commerical Application,,line,Commercial Application,maroon,,,Phosphorus from Application with Manure,,line,Application with Manure,indigo,,,Phosphorus from Uptake Rate,,line,Uptake,olive,,,Phosphorus from Runoff,,line,Leaching and Runoff,navy,,,,,,,,,,,,,,,,,,,,,,,,,,,,,,,,,,,,,,,,,,,,,,,,,,,,,,,,,,,,,,,,,,,,,,,,,,,,,,,
fu1dsfdsfsdf,Fertilizer,Fertilizer,4,single,Etc,,Scenario1,,Cropland Yield,,,,line,,,,Crop output per unit of cultivated land. Measures agricultural productivity and land-use efficiency.,,,,1950,2100,Time (Year),,,,,,Ton / (Year * ha),,,,Cropland Yield Indicator,,line,New Scenario,cust,,,Cropland Yield Indicator,Ref,line,Ref,bau,,,,,,,,,,,,,,,,,,,,,,,,,,,,,,,,,,,,,,,,,,,,,,,,,,,,,,,,,,,,,,,,,,,,,,,,,,,,,,,,,,,,,,,,,,,,,
,,,,,,,,,,,,,,,,,,,,,,,,,,,,,,,,,,,,,,,,,,,,,,,,,,,,,,,,,,,,,,,,,,,,,,,,,,,,,,,,,,,,,,,,,,,,,,,,,,,,,,,,,,,,,,,,,,,,,,,,,,,,,,,,,,,,,,,,,
bio1,Biodiversity,Biodiversity,4,single,Biodiversity Intactness,,Scenario1,,Biodiversity Intactness,,,,line,,,,"Measured in the Mean Species Abundance index, which indicates the average population of species relative to undisturbed ecosystems. 1 represents that the ecosystem is undisturbed, 0 represents that the species are completely lost.",,,,1950,2100,Time (Year),,,,,,Mean Species Abundance,,,,Mean Species Abundance,,line,New Scenario,cust,,,Mean Species Abundance,Ref,line,Ref,bau,,,,,,,,,,,,,,,,,,,,,,,,,,,,,,,,,,,,,,,,,,,,,,,,,,,,,,,,,,,,,,,,,,,,,,,,,,,,,,,,,,,,,,,,,,,,,
bio2242,Biodiversity,Biodiversity,4,single,Biodiversity Intactness,,Scenario1,,Biodiversity Intactness [Impacts],,,,line,,,,"The intactness of biodiversity is impacted by fertilization, biomass production, climate risk and land use change through lowering of the maximum sustainable species population or species carrying capacity.",,,,1950,2100,Time (Year),,,,,,Dmnl,,,,Impact of Fertilizer Consumption on Biodiversity,,line,Fertilizer Consumption,Fertilizer Consumption,,,Impact of Biomass Production on Biodiversity,,line,Biomass Production,Biomass Production,,,Impact of Climate Damage on Biodiversity,,line,Climate Damage,Climate Damage,,,Impact of Land Use Change on Biodiversity,,line,Land Use Changes,Land Use Changes,,,Impact of Fertilizer Consumption on Biodiversity,Ref,line,Ref,bau,,,Impact of Biomass Production on Biodiversity,Ref,line,,bau,,,Impact of Climate Damage on Biodiversity,Ref,line,,bau,,,Impact of Land Use Change on Biodiversity,Ref,line,,bau,,,,,,,,,,,,,,,,,,,,,,,,,,,,,,,,,,,,,,,,,,,,,,,,,,,
bio6123,Biodiversity,Biodiversity,4,single,Ecosystem Services,-1.00E-09,Scenario1,,Losses in Ecosystem Services,,,,line,,,,The lost value of the ecosystem is estimated by measuring changes in land area and assessing the economic worth of that land before and after the disturbance.,,,,1950,2100,Time (Year),,,-600,200,,Billion $,,,,Total Lost Value of Ecosystems ,,line,New Scenario,cust,,,Total Lost Value of Ecosystems ,Ref,line,Ref,bau,,,,,,,,,,,,,,,,,,,,,,,,,,,,,,,,,,,,,,,,,,,,,,,,,,,,,,,,,,,,,,,,,,,,,,,,,,,,,,,,,,,,,,,,,,,,,
bio2,Biodiversity,Biodiversity,4,single,Ecosystem Services,1.00E-09,Scenario1,,Losses in Ecosystem Services [Land Type],,,,line,,,,"The lost value of the ecosystem is estimated by measuring changes in land area and assessing the economic worth of that land before and after the disturbance. Different type of land is considered - forest, cropland and other land like woodland and grassland.",,,,1950,2100,Time (Year),,,-600,200,,Billion $,,,,Total Change in Forest Ecosystem Value ,,line,Forest Land,forestland,,,Total Change in Cropland Ecosystem Value ,,line,Crop Land,cropland,,,Total Change in Other Land Ecosystem Value ,,line,Other Land,Other Land,,,Total Change in Forest Ecosystem Value ,Ref,line,Ref,bau,,,Total Change in Cropland Ecosystem Value ,Ref,line,,bau,,,Total Change in Other Land Ecosystem Value ,Ref,line,,bau,,,,,,,,,,,,,,,,,,,,,,,,,,,,,,,,,,,,,,,,,,,,,,,,,,,,,,,,,,,,,,,,,
bio91,Biodiversity,Biodiversity,4,single,Ecosystem Services,,Scenario1,,Total Agriculture Land Degradation,,,,line,,,,,,,,1950,2100,Time (Year),,,,,,Ha / Year,,,,Agricultral Land Erosion,,line,Land Erosion,blue,,,Agricultural Land Conversion,,line,Land Conversion,brown,,,Agricultral Land Erosion,Ref,line,Ref,bau,,,Agricultural Land Conversion,Ref,line,,bau,,,,,,,,,,,,,,,,,,,,,,,,,,,,,,,,,,,,,,,,,,,,,,,,,,,,,,,,,,,,,,,,,,,,,,,,,,,,,,,
bio10,Biodiversity,Biodiversity,4,single,Biodiversity Intactness,,Scenario1,,"Biodiversity Intactness [Regeneration, Extinction]",,,,line,,,,,,,,1950,2100,Time (Year),,,-2,2,,Mean Species Abundance,,,,Species Regeneration Rate,,line,Regeneration Rate,green,,,Negative Species Extinction Rate,,line,Extinction Rate,red,,,Species Regeneration Rate,Ref,line,Ref,bau,,,Negative Species Extinction Rate,Ref,line,,bau,,,,,,,,,,,,,,,,,,,,,,,,,,,,,,,,,,,,,,,,,,,,,,,,,,,,,,,,,,,,,,,,,,,,,,,,,,,,,,,
,,,,,,,,,,,,,,,,,,,,,,,,,,,,,,,,,,,,,,,,,,,,,,,,,,,,,,,,,,,,,,,,,,,,,,,,,,,,,,,,,,,,,,,,,,,,,,,,,,,,,,,,,,,,,,,,,,,,,,,,,,,,,,,,,,,,,,,,,
bioa,Biodiversity,Biodiversity,4,single,Scenario Comparisons,,Scenario1,combined,*Biodiversity Intactness,,,,line,,,,Scenario 1 vs Scenario 2,,,,1950,2100,Time (Year),,,,,,Mean Species Abundance,,,,Mean Species Abundance,Ref,line,Ref,bau,,,Mean Species Abundance,,line,Scenario 1,s1,,,,,,,,,,,,,,,,,,,,,,,,,,,,,,,,,,,,,,,,,,,,,,,,,,,,,,,,,,,,,,,,,,,,,,,,,,,,,,,,,,,,,,,,,,,,,
bioc,Biodiversity,Biodiversity,4,single,Scenario Comparisons,1.00E-09,Scenario1,combined,*Losses in Ecosystem Services,,,,line,,,,Scenario 1 vs Scenario 2,,,,1950,2100,Time (Year),,,-600,200,,Billion $,,,,Total Lost Value of Ecosystems ,Ref,line,Ref,bau,,,Total Lost Value of Ecosystems ,,line,Scenario 1,s1,,,,,,,,,,,,,,,,,,,,,,,,,,,,,,,,,,,,,,,,,,,,,,,,,,,,,,,,,,,,,,,,,,,,,,,,,,,,,,,,,,,,,,,,,,,,,
biob,Biodiversity,Biodiversity,4,single,Scenario Comparisons,,Scenario2,,*Biodiversity Intactness,,,,line,,,,Scenario 1 vs Scenario 2,,,,1950,2100,Time (Year),,,,,,Mean Species Abundance,,,,Mean Species Abundance,Ref,line,,bau,,,Mean Species Abundance,,line,Scenario 2,s2,,,,,,,,,,,,,,,,,,,,,,,,,,,,,,,,,,,,,,,,,,,,,,,,,,,,,,,,,,,,,,,,,,,,,,,,,,,,,,,,,,,,,,,,,,,,,
biod,Biodiversity,Biodiversity,4,single,Scenario Comparisons,1.00E-09,Scenario2,,*Losses in Ecosystem Services,,,,line,,,,Scenario 1 vs Scenario 2,,,,1950,2100,Time (Year),,,-600,200,,Billion $,,,,Total Lost Value of Ecosystems ,Ref,line,,bau,,,Total Lost Value of Ecosystems ,,line,Scenario 2,s2,,,,,,,,,,,,,,,,,,,,,,,,,,,,,,,,,,,,,,,,,,,,,,,,,,,,,,,,,,,,,,,,,,,,,,,,,,,,,,,,,,,,,,,,,,,,,
,,,,,,,,,,,,,,,,,,,,,,,,,,,,,,,,,,,,,,,,,,,,,,,,,,,,,,,,,,,,,,,,,,,,,,,,,,,,,,,,,,,,,,,,,,,,,,,,,,,,,,,,,,,,,,,,,,,,,,,,,,,,,,,,,,,,,,,,,
wat1,Water,Water,4,single,Freshwater Withdrawals,,Scenario1,,Freshwater Withdrawal for Food [Total],,,,line,,,,Total volume of freshwater withdrawn for food production across all stages. Reflects overall demand on freshwater resources from the food system.,,,,1950,2100,Time (Year),,,,,,Billion Cubic Metre / Year,,,,Total Freshwater Withdrawal for Food,,,New Scenario,cust,,,Total Freshwater Withdrawal for Food,Ref,line,Ref,bau,,,,,,,,,,,,,,,,,,,,,,,,,,,,,,,,,,,,,,,,,,,,,,,,,,,,,,,,,,,,,,,,,,,,,,,,,,,,,,,,,,,,,,,,,,,,,
wat2,Water,Water,4,single,Freshwater Withdrawals,,Scenario1,,Freshwater Withdrawal for Food [Food Categories],,,,stacked-line,,,,"Freshwater used to produce different food categories (e.g., grains, vegetables, meat). Animal-based foods often have higher water footprints, increasing environmental strain.",,,,1950,2100,Time (Year),,,,,,Billion Cubic Metre / Year,,,,Freshwater Withdrawal for Food[PasMeat],,area,Pas Meat,PasMeat,,,Freshwater Withdrawal for Food[CropMeat],,area,Crop Meat,CropMeat,,,Freshwater Withdrawal for Food[Dairy],,area,Dairy,Dairy,,,Freshwater Withdrawal for Food[Eggs],,area,Eggs,Eggs,,,Freshwater Withdrawal for Food[Pulses],,area,Pulses,Pulses,,,Freshwater Withdrawal for Food[Grains],,area,Grains,Grains,,,Freshwater Withdrawal for Food[VegFruits],,area,Veg & Fruits,VegFruits,,,Freshwater Withdrawal for Food[OtherCrops],,area,Other Crops,OtherCrops,,,,,,,,,,,,,,,,,,,,,,,,,,,,,,,,,,,,,,,,,,,,,,,,,,,
wat34,Water,Water,4,single,Freshwater Withdrawals,,Scenario1,,Freshwater Withdrawal per Calorie,,,,line,,,,Amount of freshwater required to produce one calorie of food. A measure of water-use efficiency in the food system. Lower values indicate more efficient diets.,,,,1950,2100,Time (Year),,,,,,Litre / Kcal,,,,Freshwater Withdrawal per Calorie,,,New Scenario,cust,,,Freshwater Withdrawal per Calorie,Ref,line,Ref,bau,,,,,,,,,,,,,,,,,,,,,,,,,,,,,,,,,,,,,,,,,,,,,,,,,,,,,,,,,,,,,,,,,,,,,,,,,,,,,,,,,,,,,,,,,,,,,
wat3,Water,Water,4,single,Freshwater Withdrawals,,Scenario1,,Freshwater Withdrawal per 100g Protein,,,,line,,,,Amount of freshwater required to produce hundred grams of protein. A measure of water-use efficiency in the food system. Lower values indicate more efficient diets.,,,,1950,2100,Time (Year),,,,,,Litre / 100g Protein,,,,Freshwater Withdrawal per Protein,,,New Scenario,cust,,,Freshwater Withdrawal per Protein,Ref,line,Ref,bau,,,,,,,,,,,,,,,,,,,,,,,,,,,,,,,,,,,,,,,,,,,,,,,,,,,,,,,,,,,,,,,,,,,,,,,,,,,,,,,,,,,,,,,,,,,,,
wat4,Water,Water,4,single,Stress-weighted Water Use,,Scenario1,,Stress-weighted Water Use for Food [Total],,,,line,,,,"Total water use for food, adjusted by regional water scarcity. Highlights the true environmental burden by accounting for local freshwater stress.",,,,1950,2100,Time (Year),,,,,,Billion Cubic Metre / Year,,,,"""Total Stress-weighted Water Use for Food""",,,New Scenario,cust,,,"""Total Stress-weighted Water Use for Food""",Ref,line,Ref,bau,,,,,,,,,,,,,,,,,,,,,,,,,,,,,,,,,,,,,,,,,,,,,,,,,,,,,,,,,,,,,,,,,,,,,,,,,,,,,,,,,,,,,,,,,,,,,
wat5,Water,Water,4,single,Stress-weighted Water Use,,Scenario1,,Stress-weighted Water Use for Food [Food Categories],,,,stacked-line,,,,"Water use by food category, adjusted for local water stress. Animal-based foods tend to contribute disproportionately to water stress, especially in arid regions.",,,,1950,2100,Time (Year),,,,,,Billion Cubic Metre / Year,,,,"""Stress-weighted Water Use for Food""[PasMeat]",,area,Pas Meat,PasMeat,,,"""Stress-weighted Water Use for Food""[CropMeat]",,area,Crop Meat,CropMeat,,,"""Stress-weighted Water Use for Food""[Dairy]",,area,Dairy,Dairy,,,"""Stress-weighted Water Use for Food""[Eggs]",,area,Eggs,Eggs,,,"""Stress-weighted Water Use for Food""[Pulses]",,area,Pulses,Pulses,,,"""Stress-weighted Water Use for Food""[Grains]",,area,Grains,Grains,,,"""Stress-weighted Water Use for Food""[VegFruits]",,area,Veg & Fruits,VegFruits,,,"""Stress-weighted Water Use for Food""[OtherCrops]",,area,Other Crops,OtherCrops,,,,,,,,,,,,,,,,,,,,,,,,,,,,,,,,,,,,,,,,,,,,,,,,,,,
wat6,Water,Water,4,single,Stress-weighted Water Use,,Scenario1,,Stress-weighted Water Use per Calorie,,,,line,,,,"Water use per calorie, weighted by regional scarcity. Indicates the sustainability of food production under conditions of water scarcity.",,,,1950,2100,Time (Year),,,,,,Litre / Kcal,,,,"""Stress-weighted Water Use per Calorie""",,,New Scenario,cust,,,"""Stress-weighted Water Use per Calorie""",Ref,line,Ref,bau,,,,,,,,,,,,,,,,,,,,,,,,,,,,,,,,,,,,,,,,,,,,,,,,,,,,,,,,,,,,,,,,,,,,,,,,,,,,,,,,,,,,,,,,,,,,,
wat7,Water,Water,4,single,Stress-weighted Water Use,,Scenario1,,Stress-weighted Water Use Withdrawal per 100g Protein,,,,line,,,,"Water use per hundred gram of protein, weighted by regional scarcity. Indicates the sustainability of food production under conditions of water scarcity.",,,,1950,2100,Time (Year),,,,,,Litre / 100g Protein,,,,"""Stress-weighted Water Use per Protein""",,,New Scenario,cust,,,"""Stress-weighted Water Use per Protein""",Ref,line,Ref,bau,,,,,,,,,,,,,,,,,,,,,,,,,,,,,,,,,,,,,,,,,,,,,,,,,,,,,,,,,,,,,,,,,,,,,,,,,,,,,,,,,,,,,,,,,,,,,
,,,,,,,,,,,,,,,,,,,,,,,,,,,,,,,,,,,,,,,,,,,,,,,,,,,,,,,,,,,,,,,,,,,,,,,,,,,,,,,,,,,,,,,,,,,,,,,,,,,,,,,,,,,,,,,,,,,,,,,,,,,,,,,,,,,,,,,,,
hv2,Historical Data,Historical Data,9,single,Climate,,Scenario1,, (WRI) AFOLU Emissions,,,,line,,,,Source: WRI Climate Watch. GHG Emissions by Gases. Year: 1990-2020. Units: CO2eq (AR5). Estimation Methdology: FAO Tier 1.,,,,1990,2020,Time (Year),,,0,5,,Gigaton CO2 / Year,,,,Total CH4 from Agriculture,Ref,line,CH4,CH4,,,"""(data) global CH4 AFOLU emissions WRI Gt""",Ref,line,,bau,,,Total CO2 from LULUCF,Ref,line,CO2,CO2,,,"""(data) global CO2 AFOLU emissions WRI Gt""",Ref,line,,bau,,,Total N2O from Agriculture,Ref,line,N2O,N2O,,,"""(data) global N2O AFOLU emissions WRI Gt""",Ref,line,Historical,bau,,,,,,,,,,,,,,,,,,,,,,,,,,,,,,,,,,,,,,,,,,,,,,,,,,,,,,,,,,,,,,,,,
hv1,Historical Data,Historical Data,9,single,Water,,Scenario1,, (AQUASTAT) Freshwater Withdrawals for Food,,,,line,,,,Source: AQUASTAT. Annual Freshwater Withdrawals for Agriculture. Year: 2014-2020. Calculation: Annual Freshwater Withdrawals (Agriculture in % Total) * Annual Freshwater Withdrawal (Total in Billion Cubic Meters). Units: Billion Cubic Metres. ID: ER.H2O.FWTL.K3,,,,2014,2020,Time (Year),,,2500,3000,,Billion Cubic Metre / Year,,,,Total Freshwater Withdrawal for Food,Ref,line,Ref,cust,,,"""(data) global agriculture freshwater withdrawal rate AQUASTAT Billion Cubic Metres""",Ref,line,Historical,bau,,,,,,,,,,,,,,,,,,,,,,,,,,,,,,,,,,,,,,,,,,,,,,,,,,,,,,,,,,,,,,,,,,,,,,,,,,,,,,,,,,,,,,,,,,,,,
hvw,Historical Data,Historical Data,9,single,Land Use,1.00E-09,Scenario1,, (FAOSTAT) Land Use Changes,,,,line,,,,Source: FAOSTAT. Land Use. Units: Billion ha. Year: 1990-2014.,,,,1990,2014,Time (Year),,,3,5.5,,Billion ha,,,,Agricultural Land ,,line,Agricultural Land,Agricultural Land,,,Forest Land ,,line,Forest Land,Forest Land,,,Other Land ,,line,Other Land,Other Land,,,"""(data) Agriculture Land""",Ref,line,Historical,bau,,,"""(data) Forest Land""",Ref,line,,bau,,,"""(data) Other Land""",Ref,line,,bau,,,,,,,,,,,,,,,,,,,,,,,,,,,,,,,,,,,,,,,,,,,,,,,,,,,,,,,,,,,,,,,,,
hvy,Historical Data,Historical Data,9,single,Food & Nutrition,,Scenario1,, (FAOSTAT) Protein Supply per Capita,,,,line,,,,Source: FAOSTAT. Protein supply quantity for Animal Products [S2941] and Vegetal Products [S2903]. Units: g/capita/day. Year: 1961-2013,,,,1960,2013,Time (Year),,,,,,g / Person / Day,,,,Nutrient Availability per Capita per Day from Animal Food[Protein],Ref,line,Vegetal Food,green,,,"""(data) Protein supply quantity from Vegetal Products FAO""",Ref,line,,bau,,,Nutrient Availability per Capita per Day from Animal Food[Protein],Ref,line,Animal Food,red,,,"""(data) Protein supply quantity from Animal Products FAO""",Ref,line,Historical,bau,,,,,,,,,,,,,,,,,,,,,,,,,,,,,,,,,,,,,,,,,,,,,,,,,,,,,,,,,,,,,,,,,,,,,,,,,,,,,,,
hvx,Historical Data,Historical Data,9,single,Food & Nutrition,,Scenario1,, (FAOSTAT) Caloric Supply per Capita,,,,line,,,,Source: FAOSTAT. Food supply for Animal Products [S2941] and Vegetal Products [S2903]. Units: kcal/capita/day. Year: 1961-2013,,,,1960,2013,Time (Year),,,,,,kcal / Person / Day,,,,Caloric Availability per Capita per Day from Plant Food,Ref,line,Vegetal Food,green,,,"""(data) Food supply quantity from Vegetal Products FAO""",Ref,line,,bau,,,Caloric Availability per Capita per Day from Animal Food,Ref,line,Animal Food,red,,,"""(data) Food supply quantity from Animal Products FAO""",Ref,line,Historical,bau,,,,,,,,,,,,,,,,,,,,,,,,,,,,,,,,,,,,,,,,,,,,,,,,,,,,,,,,,,,,,,,,,,,,,,,,,,,,,,,
hvz,Historical Data,Historical Data,9,single,Food & Nutrition,,Scenario1,, (FAOSTAT) Fat Supply per Capita,,,,line,,,,Source: FAOSTAT. Fat supply quantity for Animal Products [S2941] and Vegetal Products [S2903]. Units: g/capita/day. Year: 1961-2013,,,,1960,2013,Time (Year),,,,,,g / Person / Day,,,,Nutrient Availability per Capita per Day from Plant Food[Fat],Ref,line,Vegetal Food,green,,,"""(data) Fat supply quantity from Vegetal Products FAO""",Ref,line,,bau,,,Nutrient Availability per Capita per Day from Animal Food[Fat],Ref,line,Animal Food,red,,,"""(data) Fat supply quantity from Animal Products FAO""",Ref,line,Historical,bau,,,,,,,,,,,,,,,,,,,,,,,,,,,,,,,,,,,,,,,,,,,,,,,,,,,,,,,,,,,,,,,,,,,,,,,,,,,,,,,
