id,input type,segmented,viewid,categoryid,input group,combined title,secondary type,label,mui icon,second label,varname,empty,description,hover description,extensive description,view level,group name,slider min,slider max,slider/switch default,slider step,units,format,reversed,range 2 start,range 3 start,range 4 start,range 5 start,range 1 label,range 2 label,range 3 label,range 4 label,range 5 label,enabled value,disabled value,controlled input ids,listing label
cc_dc,slider,button,Consumer Choices,Consumer Choices,dc,,dropdown main label,Diet Change,local_dining,,Global Diet Composition Switch,Use 'Custom' to enter your own reference diet.,How much are we willing to change our diet?,,DietChange_Global,Primary,Sliders,0,5,0,1,-,.0f,,1,2,3,-1,Reference,Healthy,Mediterranean,Flexitarian,Custom,,,,
cc_dc_1,slider,,Consumer Choices,Consumer Choices,dc,,dropdown assumptions textbox,/ Assumed Total Daily Intake /,,,Custom calorie intake,0,,"On average, **men** require *2500* kcal/day, and **women** require *2000* kcal/day.",FLW_FoodCategory,Primary,Sliders,0,4000,2050,0.1,kcal,.1f,,,,,,,,,,,,,,
cc_dc_2,slider,,Consumer Choices,Consumer Choices,dc,,dropdown assumptions textbox,🥩 Pasture Meat,,,Custom global diet decomposition multiplier[PasMeat],0,,"**Pasture Meat** includes *Beef, Sheep, Goats*  ",FLW_FoodCategory,Primary,Sliders,0,2000,37.9,0.1,kcal,.1f,,,,,,,,,,,,,,
cc_dc_3,slider,,Consumer Choices,Consumer Choices,dc,,dropdown assumptions textbox,🍗 Crop Meat,,,Custom global diet decomposition multiplier[CropMeat],0,,"**Crop Meat** includes *Chicken, Pork, Fish*  ",,Primary,Sliders,0,2000,118.4,0.1,kcal,.1f,,,,,,,,,,,,,,
cc_dc_4,slider,,Consumer Choices,Consumer Choices,dc,,dropdown assumptions textbox,🥛 Dairy,,,Custom global diet decomposition multiplier[Dairy],0,,"**Dairy** includes *Milk, Cheese, Butter, Cream*  ",,Primary,Sliders,0,2000,138.7,0.1,kcal,.1f,,,,,,,,,,,,,,
cc_dc_5,slider,,Consumer Choices,Consumer Choices,dc,,dropdown assumptions textbox,🥚 Eggs,,,Custom global diet decomposition multiplier[Eggs],0,,"**Eggs** include *Chicken Eggs, Duck Eggs, Quail Eggs*  ",,Primary,Sliders,0,2000,24.6,0.1,kcal,.1f,,,,,,,,,,,,,,
cc_dc_6,slider,,Consumer Choices,Consumer Choices,dc,,dropdown assumptions textbox,🌱 Pulses,,,Custom global diet decomposition multiplier[Pulses],0,,"**Pulses** include *Lentils, Chickpeas, Black Beans, Kidney Beans, Peas*  ",,Primary,Sliders,0,2000,48.3,0.1,kcal,.1f,,,,,,,,,,,,,,
cc_dc_7,slider,,Consumer Choices,Consumer Choices,dc,,dropdown assumptions textbox,🌾 Grains,,,Custom global diet decomposition multiplier[Grains],0,,"**Grains** include *Wheat, Rice, Corn, Oats, Barley, Quinoa*  ",,Primary,Sliders,0,2000,980.2,0.1,kcal,.1f,,,,,,,,,,,,,,
cc_dc_8,slider,,Consumer Choices,Consumer Choices,dc,,dropdown assumptions textbox,🍎🥦 Vegetables and Fruits,,,Custom global diet decomposition multiplier[VegFruits],0,,"**Vegetables and Fruits** include Apples, Oranges, Spinach, Cabbage, Broccoli, Tomatoes, Zucchini, and Bell Peppers. Roots and Tubers, such as Carrots, Potatoes, and Turnips, are also included.",,Primary,Sliders,0,2000,169.1,0.1,kcal,.1f,,,,,,,,,,,,,,
cc_dc_9,slider,,Consumer Choices,Consumer Choices,dc,,dropdown assumptions textbox,🌿 Other Crops,,,Custom global diet decomposition multiplier[OtherCrops],0,,"**Other Crops** include *Oil Crops, Sugar, Nuts, Spices*",,Primary,Sliders,0,2000,533.3,0.1,kcal,.1f,,,,,,,,,,,,,,
cc_dc_10,slider,list,Consumer Choices,Consumer Choices,dc,,dropdown assumptions,IAM Scenarios,,,IAM Diet Switch,0,Diet Compositions from Other IAMs,,,Primary,Sliders,0,3,0,1,-,.0f,,1,2,3,,None,GLOBIOM BAU,GLOBIOM SSP1,GLOBIOM SSP5,,,,,
,,,,,,,,,,,,,,,,,,,,,,,,,,,,,,,,,,,,,
cc_flw,slider,button,Consumer Choices,Consumer Choices,flw,,dropdown main label,Food Loss and Waste,local_dining,,FWL Multiplier,Use 'Custom' to adjust food loss and waste in the supply chain.,How much food loss and waste can we try to cut?,,FLW_SupplyChain,Secondary,Sliders,0,100,0,50,-,.0f,,25,50,75,-1,Reference,-25%,-50%,-75%,Custom,,,,
cc_flw_1,slider,,Consumer Choices,Consumer Choices,flw,,dropdown assumptions,🚜 Primary Production,,,FWL Fraction Variation by Supply Chain[PrimaryProduction],"Losses occurring at the farm level due to unharvested crops, pest damage, extreme weather, or overproduction that leads to surplus food being discarded before it enters the supply chain.",,"**Primary Production** is a stage which involves **losses** through *Farmers, Fishers, Ranchers, Agricultural Workers* during initial food production stages.",,Primary,Sliders,0,120,100,10,%,.0f,,,,,,,,,,,,,,
cc_flw_2,slider,,Consumer Choices,Consumer Choices,flw,,dropdown assumptions,📦 Post Harvest,,,FWL Fraction Variation by Supply Chain[PostHarvest],"Losses happening after harvest but before processing or distribution, often due to inadequate storage, transportation issues, spoilage, or inefficiencies in handling and drying.",,"**Post Harvest** is a stage which involves **losses** through *Warehouses, Storage Facilities, Transporters* after harvesting and before processing.",,Primary,Sliders,0,120,100,10,%,.0f,,,,,,,,,,,,,,
cc_flw_3,slider,,Consumer Choices,Consumer Choices,flw,,dropdown assumptions,🏭 Processing,,,FWL Fraction Variation by Supply Chain[Processing],"Losses during food manufacturing, including edible portions discarded during trimming, inefficiencies in processing, and overproduction leading to disposal before reaching consumers.",,"**Processing** is a stage which involves **losses** through *Food Manufacturers, Factories, Butchers, Packaging* during food processing.",,Primary,Sliders,0,120,100,10,%,.0f,,,,,,,,,,,,,,
cc_flw_4,slider,,Consumer Choices,Consumer Choices,flw,,dropdown assumptions,🚚 Distribution,,,FWL Fraction Variation by Supply Chain[Distribution],"Wastes occurring at the wholesale, retail, and food service levels due to packaging damage, expired goods, improper handling, or rejection of products based on aesthetic standards.",,"**Distribution** is a stage which involves **losses** and **waste** through *Wholesalers, Retailers, Supermarkets, Deliveries* in the supply chain.",,Primary,Sliders,0,120,100,10,%,.0f,,,,,,,,,,,,,,
cc_flw_5,slider,,Consumer Choices,Consumer Choices,flw,,dropdown assumptions,🍽️ Consumption,,,FWL Fraction Variation by Supply Chain[Consumption],"Wastes generated at the consumer level, including uneaten leftovers, spoiled groceries, and plate waste in households, restaurants, and cafeterias",,"**Consumption** is a stage which involves **wastes** through *Households, Consumers, Restaurants, Cafeterias* at the final consumption stage.",,Primary,Sliders,0,120,100,10,%,.0f,,,,,,,,,,,,,,
,,,,,,,,,,,,,,,,,,,,,,,,,,,,,,,,,,,,,
cc_ap,slider,button,Consumer Choices,Consumer Choices,ap,,dropdown main,Alternative Proteins,local_dining,,Market share AP multiplier,Use 'Custom' to decide how much animal-based proteins are replaced.,What portion of our animal proteins will you replace with alternative proteins?,,AlternativeProteins,Secondary,Sliders,0,100,0,100,-,.0f,,33,66,100,-1,Reference,10%,20%,30%,Custom,,,,
cc_ap_1,slider,,Consumer Choices,Consumer Choices,ap,,dropdown assumptions,Replace 🥩  PasMeat,,,Custom scenario market share of alternative proteins[AltPasMeat],0,,"**Pasture Meat** includes *Beef, Sheep, Goats*  ",,Primary,Sliders,0,100,15,5,%,.0f,,,,,,,,,,,,,,
cc_ap_2,slider,,Consumer Choices,Consumer Choices,ap,,dropdown assumptions,Replace 🍗  CropMeat,,,Custom scenario market share of alternative proteins[AltCropMeat],0,,"**Crop Meat** includes *Chicken, Pork, Fish*  ",,Primary,Sliders,0,100,25,5,%,.0f,,,,,,,,,,,,,,
cc_ap_3,slider,,Consumer Choices,Consumer Choices,ap,,dropdown assumptions,Replace 🥛 Dairy,,,Custom scenario market share of alternative proteins[AltDairy],0,,"**Dairy** includes *Milk, Cheese, Butter, Cream*  ",,Primary,Sliders,0,100,50,5,%,.0f,,,,,,,,,,,,,,
cc_ap_4,slider,,Consumer Choices,Consumer Choices,ap,,dropdown assumptions,Replace 🥚 Eggs,,,Custom scenario market share of alternative proteins[Eggs],0,,"**Eggs** include *Chicken Eggs, Duck Eggs, Quail Eggs*  ",,Primary,Sliders,0,100,5,5,%,.0f,,,,,,,,,,,,,,
,,,,,,,,,,,,,,,,,,,,,,,,,,,,,,,,,,,,,
u_dis,slider,,Uncertainties,Uncertainties,dis,,dropdown main label,Food Access and Inequalities,star,,Fake Value 21,0,"We can choose to consume less, but can those in need eat at all?",,,Primary,Sliders,0,2,0,1,-,.0f,,,,,,,,,,,,,,
u_dis_1,slider,button,Uncertainties,Uncertainties,dis,,dropdown assumptions,Distribution of Food (Spread),,,Sigma Variation,0,,**Low spread** = Everyone has similar intake <p> **High spread** = Highly unequal intakes,,Primary,Sliders,0.5,2,1,1,,.0f,,0.75,1,1.5,2,x 0.5,x 0.75,Reference,x 1.5,x 2,,,,
u_dis_2,slider,button,Uncertainties,Uncertainties,dis,,dropdown assumptions,Distribution of Food (Skew),,,Alpha Variation,0,,"**Negative Skew** = More intake for people who have less <p>
**No Skew** =  Equal intake on both sides<p>
**High Skew** = More intake for people who have more",,Primary,Sliders,-2,2,0,1,,.0f,,-1,0,1,2,-2,-1,Reference,1,2,,,,
,,,,,,,,,,,,,,,,,,,,,,,,,,,,,,,,,,,,,
u_dc,slider,,Uncertainties,Uncertainties,dc,,dropdown main label,Population Dynamics of Diet Change,contact_support,,Fake Value 1,0,How do behaviour change drivers influence global diet shifts?,,,Primary,Sliders,0,1,0,1,-,.0f,,,,,,,,,,,,,,
u_dc_1,slider,button,Uncertainties,Uncertainties,dc,,dropdown assumptions,Population Dynamics Scenario,,,Global Diet Scenario Switch,0,Enable this to observe large-scale dietary changes across groups influenced by psychosocial factors.,,DietChange_Dynamic,Primary,Sliders,0,1,0,1,-,.0f,,1,,,,Off,On,,,,,,,
u_dc_2,slider,,Uncertainties,Uncertainties,dc,,dropdown assumptions,🔓 Self Efficacy,,,Self efficacy aggregated multiplier,0,,"If you feel confident in yourself to make dietary changes, you are also more likely to shift toward sustainable eating habits. <br><br> **Self Efficacy** refers to an individual's belief in their ability to successfully adopt and maintain a different diet.",,Primary,Sliders,0,200,100,25,%,.0f,,,,,,,,,,,,,,
u_dc_3,slider,,Uncertainties,Uncertainties,dc,,dropdown assumptions,🎯 Response Efficacy,,,Response efficacy aggregated multiplier,0,,"If you trust that your actions have impact, you are more likely to change your behavior. <br><br> **Response Efficacy** reflects the belief that adopting a different diet will effectively contribute to positive environmental or health outcomes.",,Primary,Sliders,0,200,100,25,%,.0f,,,,,,,,,,,,,,
u_dc_4,slider,,Uncertainties,Uncertainties,dc,,dropdown assumptions,⚠️ Perceived Risks,,,Perceived risk aggregated multiplier,0,,"If you perceive greater risks from the environment, you may be more likely to adopt dietary changes.  <br><br> **Perceived Risks** is affected by both the sensitivity towards extreme events but also its frequency.",,Primary,Sliders,0,200,100,25,%,.0f,,,,,,,,,,,,,,
u_dc_5,slider,,Uncertainties,Uncertainties,dc,,dropdown assumptions,👥 Social Norms,,,Subjective norm aggregated multiplier,0,,If sustainable eating is widely accepted among your peers you are also more likely to adopt such diets. <br><br> **Social Norms** refer to the influence of societal and peer expectations on an individual's diet choices.,,Primary,Sliders,0,200,100,25,%,.0f,,,,,,,,,,,,,,
,,,,,,,,,,,,,,,,,,,,,,,,,,,,,,,,,,,,,
u_flw,slider,,Uncertainties,Uncertainties,Food Waste & Losses,,dropdown main label,Recovery of Food Loss and Waste,contact_support,,Fake Value 2,0,What actually happens to the food recovered?,,,Primary,Sliders,0,2,0,1,-,.0f,,,,,,,,,,,,,,
u_flw_1,slider,,Uncertainties,Uncertainties,Food Waste & Losses,,dropdown assumptions,Waste at Consumer Level,,,Recovered Loss Destination Variation,0,Reduce Demand > Consumption,?????,,Primary,Sliders,0,100,0,10,%,.0f,,,,,,,,,,,,,,
u_flw_2,slider,,Uncertainties,Uncertainties,Food Waste & Losses,,dropdown assumptions,Loss at Supply Chain Level,,,Fake Value 18,0,Recovered Waste Destination Variation,,,Primary,Sliders,0,100,0,10,%,.0f,,,,,,,,,,,,,,
,,,,,,,,,,,,,,,,,,,,,,,,,,,,,,,,,,,,,
u_ap,slider,,Uncertainties,Uncertainties,AP Tech,,dropdown main label,Technologies of Alternative Protein,contact_support,,Fake Value 6,0,What product should we replace animal proteins with?,,,Primary,Sliders,2000,2100,2050,10,-,.0f,,,,,,,,,,,,,,
u_ap_1a,slider,,Uncertainties,Uncertainties,AP Tech,,dropdown combined2 (Replace 🥩 PasMeat with),Plant,,,"Fraction of alternative protein types in the market[AltPasMeat, Plant]",0,,"**Pasture Meat** includes *Beef, Sheep, Goats*  ",,Primary,Sliders,0,100,80,10,%,.0f,,,,,,,,,,,,,,
u_ap_1b,slider,,Uncertainties,Uncertainties,AP Tech,,dropdown combined2 (Replace 🥩 PasMeat with),PrecFerm,,,"Fraction of alternative protein types in the market[AltPasMeat, PrecFerm]",0,,,,Primary,Sliders,0,100,10,10,%,.0f,,,,,,,,,,,,,,
u_ap_1c,slider,,Uncertainties,Uncertainties,AP Tech,,dropdown combined2 (Replace 🥩 PasMeat with),Cult,,,"Fraction of alternative protein types in the market[AltPasMeat, Cult]",0,,,,Primary,Sliders,0,100,10,10,%,.0f,,,,,,,,,,,,,,
,,,,,,,,,,,,,,,,,,,,,,,,,,,,,,,,,,,,,
u_ap_2a,slider,,Uncertainties,Uncertainties,AP Tech,,dropdown combined2 (Replace 🍗 CropMeat with),Plant,,,"Fraction of alternative protein types in the market[AltCropMeat, Plant]",0,,"**Crop Meat** includes *Chicken, Pork, Fish*  ",,Primary,Sliders,0,100,80,10,%,.0f,,,,,,,,,,,,,,
u_ap_2b,slider,,Uncertainties,Uncertainties,AP Tech,,dropdown combined2 (Replace 🍗 CropMeat with),PrecFerm,,,"Fraction of alternative protein types in the market[AltCropMeat, PrecFerm]",0,,,,Primary,Sliders,0,100,10,10,%,.0f,,,,,,,,,,,,,,
u_ap_2c,slider,,Uncertainties,Uncertainties,AP Tech,,dropdown combined2 (Replace 🍗 CropMeat with),Cult,,,"Fraction of alternative protein types in the market[AltCropMeat, Cult]",0,,,,Primary,Sliders,0,100,10,10,%,.0f,,,,,,,,,,,,,,
,,,,,,,,,,,,,,,,,,,,,,,,,,,,,,,,,,,,,
u_ap_3a,slider,,Uncertainties,Uncertainties,AP Tech,,dropdown combined2 (Replace 🥛 Dairy with),Plant,,,"Fraction of alternative protein types in the market[AltDairy, Plant]",0,,"**Dairy** includes *Milk, Cheese, Butter, Cream*  ",,Primary,Sliders,0,100,33,10,%,.0f,,,,,,,,,,,,,,
u_ap_3b,slider,,Uncertainties,Uncertainties,AP Tech,,dropdown combined2 (Replace 🥛 Dairy with),PrecFerm,,,"Fraction of alternative protein types in the market[AltDairy, PrecFerm]",0,,,,Primary,Sliders,0,100,67,10,%,.0f,,,,,,,,,,,,,,
u_ap_3c,slider,,Uncertainties,Uncertainties,AP Tech,,dropdown combined2 (Replace 🥛 Dairy with),Cult,,,"Fraction of alternative protein types in the market[AltDairy, Cult]",0,,,,Primary,Sliders,0,100,0,10,%,.0f,,,,,,,,,,,,,,
,,,,,,,,,,,,,,,,,,,,,,,,,,,,,,,,,,,,,
u_ap_4a,slider,,Uncertainties,Uncertainties,AP Tech,,dropdown combined2 (Replace 🥚 Eggs with),Plant,,,"Fraction of alternative protein types in the market[AltEggs, Plant]",0,,"**Eggs** include *Chicken Eggs, Duck Eggs, Quail Eggs*  ",,Primary,Sliders,0,100,0,10,%,.0f,,,,,,,,,,,,,,
u_ap_4b,slider,,Uncertainties,Uncertainties,AP Tech,,dropdown combined2 (Replace 🥚 Eggs with),PrecFerm,,,"Fraction of alternative protein types in the market[AltEggs, PrecFerm]",0,,,,Primary,Sliders,0,100,100,10,%,.0f,,,,,,,,,,,,,,
u_ap_4c,slider,,Uncertainties,Uncertainties,AP Tech,,dropdown combined2 (Replace 🥚 Eggs with),Cult,,,"Fraction of alternative protein types in the market[AltEggs, Cult]",0,,,,Primary,Sliders,0,100,0,10,%,.0f,,,,,,,,,,,,,,
,,,,,,,,,,,,,,,,,,,,,,,,,,,,,,,,,,,,,
ed,slider,,External Drivers,External Drivers,Period of Behaviour Change,,dropdown main label,Period of Change,legend_toggle,,Fake Value 4,0,When will we start changing and how long will it take?,,,Secondary,Sliders,0,2,0,1,-,.0f,,,,,,,,,,,,,,
ed1,slider,,External Drivers,External Drivers,Period of Behaviour Change,,dropdown combined (Diet Change),Diet Change,,,Start Year of Global Diet,0,,"This slider controls the start and end year of the diet change scenario, assuming that changes will follow an S-shaped curve.",,Secondary,Sliders,2000,2100,2025,5,-,.0f,,,,,,,,,,,,,,
ed2,slider,,External Drivers,External Drivers,Period of Behaviour Change,,dropdown combined (Diet Change),/,,,End Year of Global Diet,0,,,,Secondary,Sliders,2000,2100,2040,5,-,.0f,,,,,,,,,,,,,,
ed3,slider,,External Drivers,External Drivers,Period of Behaviour Change,,dropdown combined (Food Loss and Waste),FLW,,,Start Year of FWL Switch,0,,"This slider controls the start and end year of the food waste scenario, assuming that changes will follow an S-shaped curve.",,Secondary,Sliders,2000,2100,2025,1,-,.0f,,,,,,,,,,,,,,
ed4,slider,,External Drivers,External Drivers,Period of Behaviour Change,,dropdown combined (Food Loss and Waste),/,,,End Year of FWL Switch,0,,,,Secondary,Sliders,2000,2100,2040,1,-,.0f,,,,,,,,,,,,,,
ed5,slider,,External Drivers,External Drivers,Period of Behaviour Change,,dropdown combined (Alternative Proteins),AP,,,Start Year of AP,0,,"This slider controls the start and end year of the alternative protein scenario, assuming that changes will follow an S-shaped curve.",,Secondary,Sliders,2000,2100,2025,10,-,.0f,,,,,,,,,,,,,,
ed6,slider,,External Drivers,External Drivers,Period of Behaviour Change,,dropdown combined (Alternative Proteins), /,,,End Year of AP,0,,,,Secondary,Sliders,2000,2100,2040,10,-,.0f,,,,,,,,,,,,,,
ed9,slider,,External Drivers,External Drivers,Period of Behaviour Change,,dropdown combined (Food Distribution Spread),Sigma,,,Start Year of Sigma Variation,0,,"This slider controls the start and end year of the distribution spread scenario, assuming that changes will follow an S-shaped curve.",,Secondary,Sliders,2000,2100,2025,1,-,.0f,,,,,,,,,,,,,,
ed10,slider,,External Drivers,External Drivers,Period of Behaviour Change,,dropdown combined (Food Distribution Spread),/,,,End Year of Sigma Variation,0,,,,Secondary,Sliders,2000,2100,2040,1,-,.0f,,,,,,,,,,,,,,
ed11,slider,,External Drivers,External Drivers,Period of Behaviour Change,,dropdown combined (Food Distribution Skew),Skew,,,Start Year of Alpha Variation,0,,"This slider controls the start and end year of the distribution skew scenario, assuming that changes will follow an S-shaped curve.",,Secondary,Sliders,2000,2100,2025,10,-,.0f,,,,,,,,,,,,,,
ed12,slider,,External Drivers,External Drivers,Period of Behaviour Change,,dropdown combined (Food Distribution Skew), /,,,End Year of Alpha Variation,0,,,,Secondary,Sliders,2000,2100,2040,10,-,.0f,,,,,,,,,,,,,,
,,,,,,,,,,,,,,,,,,,,,,,,,,,,,,,,,,,,,
ed8,slider,button,External Drivers,External Drivers,Socioeconomic Drivers,,without,Socio-Economic Drivers,legend_toggle,,Fake Value 3,0,"Optimistic aligns with SSP2, Pessimistic aligns with SSP4","**Shared Socioeconomic Pathways** (SSP) describe alternative future pathways of societal development, including changes in population, economic growth, education, and technology.<p><p> It serve as key external drivers for assessing human vulnerability, adaptive capacity, and the scale of climate impacts and mitigation challenges.",,Secondary,Sliders,0,2,1,1,-,.0f,,1,2,,,Optimistic,Reference,Pessimistic,,,,,optimistic.csv;default;pessimistic.csv,
,,,,,,,,,,,,,,,,,,,,,,,,,,,,,,,,,,,,,
ed_ext_1,slider,,HIDDEN,External Drivers,external,,hidden,Annual Change in Oil Reserves Variation,,,Annual Change in Oil Reserves Variation,0,External driver variable controlled by SSP scenario,,,Secondary,Hidden,7875000000,39375000000,21000000000,0.01,,.4f,,,,,,,,,,,,,,
ed_ext_2,slider,,HIDDEN,External Drivers,external,,hidden,Annual Growth in Gas Reserves Variation,,,Annual Growth in Gas Reserves Variation,0,External driver variable controlled by SSP scenario,,,Secondary,Hidden,2350,7150,5000,0.01,,.4f,,,,,,,,,,,,,,
ed_ext_3,slider,,HIDDEN,External Drivers,external,,hidden,Birth Gender Fraction Variation,,,Birth Gender Fraction Variation,0,External driver variable controlled by SSP scenario,,,Secondary,Hidden,0.5075746,0.5182594,0.515,0.01,,.4f,,,,,,,,,,,,,,
ed_ext_4,slider,,HIDDEN,External Drivers,external,,hidden,CCS Scenario Variation,,,CCS Scenario Variation,0,External driver variable controlled by SSP scenario,,,Secondary,Hidden,-0.1,1.1,0,0.01,,.4f,,,,,,,,,,,,,,
ed_ext_5,slider,,HIDDEN,External Drivers,external,,hidden,CLIMATE MORTALITY SWITCH,,,CLIMATE MORTALITY SWITCH,0,External driver variable controlled by SSP scenario,,,Secondary,Hidden,-1,1,0,0.01,,.4f,,,,,,,,,,,,,,
ed_ext_6,slider,,HIDDEN,External Drivers,external,,hidden,Capital Elasticity Output Variation,,,Capital Elasticity Output Variation,0,External driver variable controlled by SSP scenario,,,Secondary,Hidden,0.4121916,0.5658924,0.425,0.01,,.4f,,,,,,,,,,,,,,
ed_ext_7,slider,,HIDDEN,External Drivers,external,,hidden,Carbon Price Slope,,,Carbon Price Slope,0,External driver variable controlled by SSP scenario,,,Secondary,Hidden,-0.6,6.6,5,0.01,,.4f,,,,,,,,,,,,,,
ed_ext_8,slider,,HIDDEN,External Drivers,external,,hidden,Climate Action Year,,,Climate Action Year,0,External driver variable controlled by SSP scenario,,,Secondary,Hidden,2018,2042,2020,0.01,,.4f,,,,,,,,,,,,,,
ed_ext_9,slider,,HIDDEN,External Drivers,external,,hidden,Climate Damage Function SWITCH,,,Climate Damage Function SWITCH,0,External driver variable controlled by SSP scenario,,,Secondary,Hidden,3.6,4.4,4,0.01,,.4f,,,,,,,,,,,,,,
ed_ext_10,slider,,HIDDEN,External Drivers,external,,hidden,Climate Policy Scenario,,,Climate Policy Scenario,0,External driver variable controlled by SSP scenario,,,Secondary,Hidden,-0.1,1.1,0,0.01,,.4f,,,,,,,,,,,,,,
ed_ext_11,slider,,HIDDEN,External Drivers,external,,hidden,Desired Total C Emission from Fossil Fuels Variation,,,Desired Total C Emission from Fossil Fuels Variation,0,External driver variable controlled by SSP scenario,,,Secondary,Hidden,-1000000000,11000000000,7500000000,0.01,,.4f,,,,,,,,,,,,,,
ed_ext_12,slider,,HIDDEN,External Drivers,external,,hidden,Effect of GDP on Urban Land Requirement l Variation,,,Effect of GDP on Urban Land Requirement l Variation,0,External driver variable controlled by SSP scenario,,,Secondary,Hidden,1.05,1.95,1.25,0.01,,.4f,,,,,,,,,,,,,,
ed_ext_13,slider,,HIDDEN,External Drivers,external,,hidden,Effect of GDP on Urban Land Requirement x0 Variation,,,Effect of GDP on Urban Land Requirement x0 Variation,0,External driver variable controlled by SSP scenario,,,Secondary,Hidden,2.2,5.8,5,0.01,,.4f,,,,,,,,,,,,,,
ed_ext_14,slider,,HIDDEN,External Drivers,external,,hidden,Effectiveness of Investment in Coal Recovery Technology Variation,,,Effectiveness of Investment in Coal Recovery Technology Variation,0,External driver variable controlled by SSP scenario,,,Secondary,Hidden,8.77E-13,2.05E-12,1.30E-12,0.01,,.4f,,,,,,,,,,,,,,
ed_ext_15,slider,,HIDDEN,External Drivers,external,,hidden,Effectiveness of Investment in Gas Recovery Technology Variation,,,Effectiveness of Investment in Gas Recovery Technology Variation,0,External driver variable controlled by SSP scenario,,,Secondary,Hidden,1.41E-11,4.29E-11,3.00E-11,0.01,,.4f,,,,,,,,,,,,,,
ed_ext_16,slider,,HIDDEN,External Drivers,external,,hidden,Effectiveness of Investment in Oil Recovery Technology Variation,,,Effectiveness of Investment in Oil Recovery Technology Variation,0,External driver variable controlled by SSP scenario,,,Secondary,Hidden,1.20E-11,3.56E-11,2.80E-11,0.01,,.4f,,,,,,,,,,,,,,
ed_ext_17,slider,,HIDDEN,External Drivers,external,,hidden,FWL Fraction Variation[CropMeat],,,FWL Fraction Variation[CropMeat],0,External driver variable controlled by SSP scenario,,,Secondary,Hidden,0.88,1.12,1,0.01,,.4f,,,,,,,,,,,,,,
ed_ext_18,slider,,HIDDEN,External Drivers,external,,hidden,FWL Fraction Variation[Dairy],,,FWL Fraction Variation[Dairy],0,External driver variable controlled by SSP scenario,,,Secondary,Hidden,0.88,1.12,1,0.01,,.4f,,,,,,,,,,,,,,
ed_ext_19,slider,,HIDDEN,External Drivers,external,,hidden,FWL Fraction Variation[Eggs],,,FWL Fraction Variation[Eggs],0,External driver variable controlled by SSP scenario,,,Secondary,Hidden,0.88,1.12,1,0.01,,.4f,,,,,,,,,,,,,,
ed_ext_20,slider,,HIDDEN,External Drivers,external,,hidden,FWL Fraction Variation[Grains],,,FWL Fraction Variation[Grains],0,External driver variable controlled by SSP scenario,,,Secondary,Hidden,0.88,1.12,1,0.01,,.4f,,,,,,,,,,,,,,
ed_ext_21,slider,,HIDDEN,External Drivers,external,,hidden,FWL Fraction Variation[OtherCrops],,,FWL Fraction Variation[OtherCrops],0,External driver variable controlled by SSP scenario,,,Secondary,Hidden,0.88,1.12,1,0.01,,.4f,,,,,,,,,,,,,,
ed_ext_22,slider,,HIDDEN,External Drivers,external,,hidden,FWL Fraction Variation[PasMeat],,,FWL Fraction Variation[PasMeat],0,External driver variable controlled by SSP scenario,,,Secondary,Hidden,0.88,1.12,1,0.01,,.4f,,,,,,,,,,,,,,
ed_ext_23,slider,,HIDDEN,External Drivers,external,,hidden,FWL Fraction Variation[Pulses],,,FWL Fraction Variation[Pulses],0,External driver variable controlled by SSP scenario,,,Secondary,Hidden,0.88,1.12,1,0.01,,.4f,,,,,,,,,,,,,,
ed_ext_24,slider,,HIDDEN,External Drivers,external,,hidden,FWL Fraction Variation[VegFruits],,,FWL Fraction Variation[VegFruits],0,External driver variable controlled by SSP scenario,,,Secondary,Hidden,0.88,1.12,1,0.01,,.4f,,,,,,,,,,,,,,
ed_ext_25,slider,,HIDDEN,External Drivers,external,,hidden,Feed Share of Grains Variation,,,Feed Share of Grains Variation,0,External driver variable controlled by SSP scenario,,,Secondary,Hidden,0.45,1.05,1,0.01,,.4f,,,,,,,,,,,,,,
ed_ext_26,slider,,HIDDEN,External Drivers,external,,hidden,Forest to Agriculture Land Allocation Time Variation,,,Forest to Agriculture Land Allocation Time Variation,0,External driver variable controlled by SSP scenario,,,Secondary,Hidden,4.95,5.55,5,0.01,,.4f,,,,,,,,,,,,,,
ed_ext_27,slider,,HIDDEN,External Drivers,external,,hidden,Fraction for Wind and Solar Learning Curve Strength Variation,,,Fraction for Wind and Solar Learning Curve Strength Variation,0,External driver variable controlled by SSP scenario,,,Secondary,Hidden,0.197,0.233,0.2,0.01,,.4f,,,,,,,,,,,,,,
ed_ext_28,slider,,HIDDEN,External Drivers,external,,hidden,Fraction of Agricultural Land Conversion from Forest Variation,,,Fraction of Agricultural Land Conversion from Forest Variation,0,External driver variable controlled by SSP scenario,,,Secondary,Hidden,0.89775,0.95475,0.95,0.01,,.4f,,,,,,,,,,,,,,
ed_ext_29,slider,,HIDDEN,External Drivers,external,,hidden,Fraction of Coal Revenues Invested in Technology Variation,,,Fraction of Coal Revenues Invested in Technology Variation,0,External driver variable controlled by SSP scenario,,,Secondary,Hidden,0.23625,0.55125,0.35,0.01,,.4f,,,,,,,,,,,,,,
ed_ext_30,slider,,HIDDEN,External Drivers,external,,hidden,Fraction of Gas Revenues Invested in Technology Variation,,,Fraction of Gas Revenues Invested in Technology Variation,0,External driver variable controlled by SSP scenario,,,Secondary,Hidden,0.0282,0.0498,0.04,0.01,,.4f,,,,,,,,,,,,,,
ed_ext_31,slider,,HIDDEN,External Drivers,external,,hidden,Fraction of Oil Revenues Invested in Technology Variation,,,Fraction of Oil Revenues Invested in Technology Variation,0,External driver variable controlled by SSP scenario,,,Secondary,Hidden,0.0172,0.0508,0.04,0.01,,.4f,,,,,,,,,,,,,,
ed_ext_32,slider,,HIDDEN,External Drivers,external,,hidden,Investment in Fossil Fuel Exploration and Production Delay Variation,,,Investment in Fossil Fuel Exploration and Production Delay Variation,0,External driver variable controlled by SSP scenario,,,Secondary,Hidden,2.125,6.625,5,0.01,,.4f,,,,,,,,,,,,,,
ed_ext_33,slider,,HIDDEN,External Drivers,external,,hidden,Land Mitigation Policy Multiplier,,,Land Mitigation Policy Multiplier,0,External driver variable controlled by SSP scenario,,,Secondary,Hidden,-0.05,0.55,0.5,0.01,,.4f,,,,,,,,,,,,,,
ed_ext_34,slider,,HIDDEN,External Drivers,external,,hidden,Life Expectancy Variation,,,Life Expectancy Variation,0,External driver variable controlled by SSP scenario,,,Secondary,Hidden,57.01263,67.54587,65.68,0.01,,.4f,,,,,,,,,,,,,,
ed_ext_35,slider,,HIDDEN,External Drivers,external,,hidden,Max Energy Demand per Capita Variation,,,Max Energy Demand per Capita Variation,0,External driver variable controlled by SSP scenario,,,Secondary,Hidden,2.93E-06,8.11E-06,4.80E-06,0.01,,.4f,,,,,,,,,,,,,,
ed_ext_36,slider,,HIDDEN,External Drivers,external,,hidden,Meat Diet Composition Switch,,,Meat Diet Composition Switch,0,External driver variable controlled by SSP scenario,,,Secondary,Hidden,-0.2,2.2,0,0.01,,.4f,,,,,,,,,,,,,,
ed_ext_37,slider,,HIDDEN,External Drivers,external,,hidden,Normal Fertility Variation,,,Normal Fertility Variation,0,External driver variable controlled by SSP scenario,,,Secondary,Hidden,1.52438,3.5027,2.63,0.01,,.4f,,,,,,,,,,,,,,
ed_ext_38,slider,,HIDDEN,External Drivers,external,,hidden,Normal Fraction Intended to Change Diet Variation,,,Normal Fraction Intended to Change Diet Variation,0,External driver variable controlled by SSP scenario,,,Secondary,Hidden,0.0398,0.0422,0.04,0.01,,.4f,,,,,,,,,,,,,,
ed_ext_39,slider,,HIDDEN,External Drivers,external,,hidden,Normal Shift Fraction from Meat to Vegetarianism Variation,,,Normal Shift Fraction from Meat to Vegetarianism Variation,0,External driver variable controlled by SSP scenario,,,Secondary,Hidden,0.002025,0.004725,0.003,0.01,,.4f,,,,,,,,,,,,,,
ed_ext_40,slider,,HIDDEN,External Drivers,external,,hidden,Normal Shift Fraction from Vegetarianism to Meat Variation,,,Normal Shift Fraction from Vegetarianism to Meat Variation,0,External driver variable controlled by SSP scenario,,,Secondary,Hidden,0.00425,0.01325,0.01,0.01,,.4f,,,,,,,,,,,,,,
ed_ext_41,slider,,HIDDEN,External Drivers,external,,hidden,Persistence Tertiary Variation[female],,,Persistence Tertiary Variation[female],0,External driver variable controlled by SSP scenario,,,Secondary,Hidden,0.7682496,1.0200864,0.829103,0.01,,.4f,,,,,,,,,,,,,,
ed_ext_42,slider,,HIDDEN,External Drivers,external,,hidden,Persistence Tertiary Variation[male],,,Persistence Tertiary Variation[male],0,External driver variable controlled by SSP scenario,,,Secondary,Hidden,0.6773132,0.8984468,0.805835,0.01,,.4f,,,,,,,,,,,,,,
ed_ext_43,slider,,HIDDEN,External Drivers,external,,hidden,Price Elasticity of Demand Biomass Variation,,,Price Elasticity of Demand Biomass Variation,0,External driver variable controlled by SSP scenario,,,Secondary,Hidden,0.796,0.844,0.8,0.01,,.4f,,,,,,,,,,,,,,
ed_ext_44,slider,,HIDDEN,External Drivers,external,,hidden,Price Elasticity of Demand Coal Variation,,,Price Elasticity of Demand Coal Variation,0,External driver variable controlled by SSP scenario,,,Secondary,Hidden,0.76985,1.14365,0.89,0.01,,.4f,,,,,,,,,,,,,,
ed_ext_45,slider,,HIDDEN,External Drivers,external,,hidden,Price Elasticity of Demand Gas Variation,,,Price Elasticity of Demand Gas Variation,0,External driver variable controlled by SSP scenario,,,Secondary,Hidden,0.4995,0.9855,0.54,0.01,,.4f,,,,,,,,,,,,,,
ed_ext_46,slider,,HIDDEN,External Drivers,external,,hidden,Price Elasticity of Demand Oil Variation,,,Price Elasticity of Demand Oil Variation,0,External driver variable controlled by SSP scenario,,,Secondary,Hidden,0.432,0.648,0.6,0.01,,.4f,,,,,,,,,,,,,,
ed_ext_47,slider,,HIDDEN,External Drivers,external,,hidden,Price Elasticity of Demand Wind and Solar Variation,,,Price Elasticity of Demand Wind and Solar Variation,0,External driver variable controlled by SSP scenario,,,Secondary,Hidden,0.975,1.275,1,0.01,,.4f,,,,,,,,,,,,,,
ed_ext_48,slider,,HIDDEN,External Drivers,external,,hidden,RCP Scenario,,,RCP Scenario,0,External driver variable controlled by SSP scenario,,,Secondary,Hidden,0.6,5.4,3,0.01,,.4f,,,,,,,,,,,,,,
ed_ext_49,slider,,HIDDEN,External Drivers,external,,hidden,Reference CO2 Removal Rate,,,Reference CO2 Removal Rate,0,External driver variable controlled by SSP scenario,,,Secondary,Hidden,-3700000,40700000,37000000,0.01,,.4f,,,,,,,,,,,,,,
ed_ext_50,slider,,HIDDEN,External Drivers,external,,hidden,Reference Change in Fossil Fuel Market Share Variation,,,Reference Change in Fossil Fuel Market Share Variation,0,External driver variable controlled by SSP scenario,,,Secondary,Hidden,0.92,1.88,1,0.01,,.4f,,,,,,,,,,,,,,
ed_ext_51,slider,,HIDDEN,External Drivers,external,,hidden,Reference Change in Market Share Biomass Variation,,,Reference Change in Market Share Biomass Variation,0,External driver variable controlled by SSP scenario,,,Secondary,Hidden,3.05,5.45,3.25,0.01,,.4f,,,,,,,,,,,,,,
ed_ext_52,slider,,HIDDEN,External Drivers,external,,hidden,Reference Change in Market Share Solar Variation,,,Reference Change in Market Share Solar Variation,0,External driver variable controlled by SSP scenario,,,Secondary,Hidden,7.84,9.76,8,0.01,,.4f,,,,,,,,,,,,,,
ed_ext_53,slider,,HIDDEN,External Drivers,external,,hidden,Reference Change in Market Share Wind Variation,,,Reference Change in Market Share Wind Variation,0,External driver variable controlled by SSP scenario,,,Secondary,Hidden,1.875,6.375,6,0.01,,.4f,,,,,,,,,,,,,,
ed_ext_54,slider,,HIDDEN,External Drivers,external,,hidden,Reference Cost of Biomass Energy Production Final Change Rate Variation,,,Reference Cost of Biomass Energy Production Final Change Rate Variation,0,External driver variable controlled by SSP scenario,,,Secondary,Hidden,8550000,31950000,30000000,0.01,,.4f,,,,,,,,,,,,,,
ed_ext_55,slider,,HIDDEN,External Drivers,external,,hidden,Reference Cost of Solar Energy Production Final Change Rate Variation,,,Reference Cost of Solar Energy Production Final Change Rate Variation,0,External driver variable controlled by SSP scenario,,,Secondary,Hidden,5.6,10.4,10,0.01,,.4f,,,,,,,,,,,,,,
ed_ext_56,slider,,HIDDEN,External Drivers,external,,hidden,Reference Daily Caloric Intake Variation,,,Reference Daily Caloric Intake Variation,0,External driver variable controlled by SSP scenario,,,Secondary,Hidden,1530.429,1831.497,1655.8,0.01,,.4f,,,,,,,,,,,,,,
ed_ext_57,slider,,HIDDEN,External Drivers,external,,hidden,Reference Input Neutral TC in Agriculture Variation,,,Reference Input Neutral TC in Agriculture Variation,0,External driver variable controlled by SSP scenario,,,Secondary,Hidden,0.2955,0.3495,0.3,0.01,,.4f,,,,,,,,,,,,,,
ed_ext_58,slider,,HIDDEN,External Drivers,external,,hidden,Reference Other Technology Variation,,,Reference Other Technology Variation,0,External driver variable controlled by SSP scenario,,,Secondary,Hidden,0.45,1.05,1,0.01,,.4f,,,,,,,,,,,,,,
ed_ext_59,slider,,HIDDEN,External Drivers,external,,hidden,Reference meat yield Variation,,,Reference meat yield Variation,0,External driver variable controlled by SSP scenario,,,Secondary,Hidden,0.06825,0.08925,0.07,0.01,,.4f,,,,,,,,,,,,,,
ed_ext_60,slider,,HIDDEN,External Drivers,external,,hidden,Relative Productivity of Investment in Coal Exploration Variation,,,Relative Productivity of Investment in Coal Exploration Variation,0,External driver variable controlled by SSP scenario,,,Secondary,Hidden,0.10125,0.23625,0.15,0.01,,.4f,,,,,,,,,,,,,,
ed_ext_61,slider,,HIDDEN,External Drivers,external,,hidden,Relative Productivity of Investment in Fossil Fuel Production Compared to Exploration Variation,,,Relative Productivity of Investment in Fossil Fuel Production Compared to Exploration Variation,0,External driver variable controlled by SSP scenario,,,Secondary,Hidden,9,11,10,0.01,,.4f,,,,,,,,,,,,,,
ed_ext_62,slider,,HIDDEN,External Drivers,external,,hidden,Relative Productivity of Investment in Gas Exploration Variation,,,Relative Productivity of Investment in Gas Exploration Variation,0,External driver variable controlled by SSP scenario,,,Secondary,Hidden,0.84375,1.96875,1.25,0.01,,.4f,,,,,,,,,,,,,,
ed_ext_63,slider,,HIDDEN,External Drivers,external,,hidden,Relative Productivity of Investment in Oil Exploration Variation,,,Relative Productivity of Investment in Oil Exploration Variation,0,External driver variable controlled by SSP scenario,,,Secondary,Hidden,0.43,1.27,1,0.01,,.4f,,,,,,,,,,,,,,
ed_ext_64,slider,,HIDDEN,External Drivers,external,,hidden,Renewable Cost Reduction and Technology Improvement Ramp Period Variation,,,Renewable Cost Reduction and Technology Improvement Ramp Period Variation,0,External driver variable controlled by SSP scenario,,,Secondary,Hidden,41.75,50.75,50,0.01,,.4f,,,,,,,,,,,,,,
ed_ext_65,slider,,HIDDEN,External Drivers,external,,hidden,SSP Demographic Variation Time,,,SSP Demographic Variation Time,0,External driver variable controlled by SSP scenario,,,Secondary,Hidden,4.5,10.5,5,0.01,,.4f,,,,,,,,,,,,,,
ed_ext_66,slider,,HIDDEN,External Drivers,external,,hidden,SSP Economic Variation Time,,,SSP Economic Variation Time,0,External driver variable controlled by SSP scenario,,,Secondary,Hidden,4.5,10.5,5,0.01,,.4f,,,,,,,,,,,,,,
ed_ext_67,slider,,HIDDEN,External Drivers,external,,hidden,SSP Energy Demand Variation Time,,,SSP Energy Demand Variation Time,0,External driver variable controlled by SSP scenario,,,Secondary,Hidden,4.5,10.5,5,0.01,,.4f,,,,,,,,,,,,,,
ed_ext_68,slider,,HIDDEN,External Drivers,external,,hidden,SSP Energy Production Variation Time,,,SSP Energy Production Variation Time,0,External driver variable controlled by SSP scenario,,,Secondary,Hidden,4.5,10.5,5,0.01,,.4f,,,,,,,,,,,,,,
ed_ext_69,slider,,HIDDEN,External Drivers,external,,hidden,SSP Energy Technology Variation Time,,,SSP Energy Technology Variation Time,0,External driver variable controlled by SSP scenario,,,Secondary,Hidden,4.5,10.5,5,0.01,,.4f,,,,,,,,,,,,,,
ed_ext_70,slider,,HIDDEN,External Drivers,external,,hidden,SSP Food and Diet Variation Time,,,SSP Food and Diet Variation Time,0,External driver variable controlled by SSP scenario,,,Secondary,Hidden,4.5,10.5,5,0.01,,.4f,,,,,,,,,,,,,,
ed_ext_71,slider,,HIDDEN,External Drivers,external,,hidden,SSP Land Use Change Variation Time,,,SSP Land Use Change Variation Time,0,External driver variable controlled by SSP scenario,,,Secondary,Hidden,4.5,10.5,5,0.01,,.4f,,,,,,,,,,,,,,
ed_ext_72,slider,,HIDDEN,External Drivers,external,,hidden,"Secondary education enrollment Variation[female,""10-14""]",,,"Secondary education enrollment Variation[female,""10-14""]",0,External driver variable controlled by SSP scenario,,,Secondary,Hidden,0.4549566,1.0495494,0.9,0.01,,.4f,,,,,,,,,,,,,,
ed_ext_73,slider,,HIDDEN,External Drivers,external,,hidden,"Secondary education enrollment Variation[female,""15-19""]",,,"Secondary education enrollment Variation[female,""15-19""]",0,External driver variable controlled by SSP scenario,,,Secondary,Hidden,0.34,1.06,0.85,0.01,,.4f,,,,,,,,,,,,,,
ed_ext_74,slider,,HIDDEN,External Drivers,external,,hidden,"Secondary education enrollment Variation[male,""10-14""]",,,"Secondary education enrollment Variation[male,""10-14""]",0,External driver variable controlled by SSP scenario,,,Secondary,Hidden,0.45,1.05,1,0.01,,.4f,,,,,,,,,,,,,,
ed_ext_75,slider,,HIDDEN,External Drivers,external,,hidden,"Secondary education enrollment Variation[male,""15-19""]",,,"Secondary education enrollment Variation[male,""15-19""]",0,External driver variable controlled by SSP scenario,,,Secondary,Hidden,0.34,1.06,0.85,0.01,,.4f,,,,,,,,,,,,,,
ed_ext_76,slider,,HIDDEN,External Drivers,external,,hidden,Self Efficacy Multiplier Female Variation,,,Self Efficacy Multiplier Female Variation,0,External driver variable controlled by SSP scenario,,,Secondary,Hidden,1.038,1.542,1.2,0.01,,.4f,,,,,,,,,,,,,,
ed_ext_77,slider,,HIDDEN,External Drivers,external,,hidden,Solar Conversion Efficiency Factor Final Change Rate Variation,,,Solar Conversion Efficiency Factor Final Change Rate Variation,0,External driver variable controlled by SSP scenario,,,Secondary,Hidden,1.97,2.33,2,0.01,,.4f,,,,,,,,,,,,,,
ed_ext_78,slider,,HIDDEN,External Drivers,external,,hidden,Tertiary education enrollment Variation[female],,,Tertiary education enrollment Variation[female],0,External driver variable controlled by SSP scenario,,,Secondary,Hidden,0.1641501,0.5294289,0.4,0.01,,.4f,,,,,,,,,,,,,,
ed_ext_79,slider,,HIDDEN,External Drivers,external,,hidden,Tertiary education enrollment Variation[male],,,Tertiary education enrollment Variation[male],0,External driver variable controlled by SSP scenario,,,Secondary,Hidden,0.227726,0.732194,0.39,0.01,,.4f,,,,,,,,,,,,,,
ed_ext_80,slider,,HIDDEN,External Drivers,external,,hidden,Undiscovered Coal Resources Variation,,,Undiscovered Coal Resources Variation,0,External driver variable controlled by SSP scenario,,,Secondary,Hidden,607500,1417500,900000,0.01,,.4f,,,,,,,,,,,,,,
ed_ext_81,slider,,HIDDEN,External Drivers,external,,hidden,Vegetarian Diet Composition Switch,,,Vegetarian Diet Composition Switch,0,External driver variable controlled by SSP scenario,,,Secondary,Hidden,-0.1,1.1,0,0.01,,.4f,,,,,,,,,,,,,,
